playlist_id,track_id
1,3402
2,3389
3,3390
4,3391
5,3392
6,3393
7,3394
8,3395
9,3396
10,3397
11,3398
12,3399
13,3400
14,3401
15,3336
16,3478
17,3375
18,3376
19,3377
20,3378
21,3379
22,3380
23,3381
24,3382
25,3383
26,3384
27,3385
28,3386
29,3387
30,3388
31,3365
32,3366
33,3367
34,3368
35,3369
36,3370
37,3371
38,3372
39,3373
40,3374
41,99
42,100
43,101
44,102
45,103
46,104
47,105
48,106
49,107
50,108
51,109
52,110
53,166
54,167
55,168
56,169
57,170
58,171
59,172
60,173
61,174
62,175
63,176
64,177
65,178
66,179
67,180
68,181
69,182
70,2591
71,2592
72,2593
73,2594
74,2595
75,2596
76,2597
77,2598
78,2599
79,2600
80,2601
81,2602
82,2603
83,2604
84,2605
85,2606
86,2607
87,2608
88,923
89,924
90,925
91,926
92,927
93,928
94,929
95,930
96,931
97,932
98,933
99,934
100,935
101,936
102,937
103,938
104,939
105,940
106,941
107,942
108,943
109,944
110,945
111,946
112,947
113,948
114,964
115,965
116,966
117,967
118,968
119,969
120,970
121,971
122,972
123,973
124,974
125,1009
126,1010
127,1011
128,1012
129,1013
130,1014
131,1015
132,1016
133,1017
134,1018
135,1019
136,1133
137,1134
138,1135
139,1136
140,1137
141,1138
142,1139
143,1140
144,1141
145,1142
146,1143
147,1144
148,1145
149,468
150,469
151,470
152,471
153,472
154,473
155,474
156,475
157,476
158,477
159,478
160,479
161,480
162,481
163,482
164,483
165,484
166,485
167,486
168,487
169,488
170,1466
171,1467
172,1468
173,1469
174,1470
175,1471
176,1472
177,1473
178,1474
179,1475
180,1476
181,1477
182,1478
183,529
184,530
185,531
186,532
187,533
188,534
189,535
190,536
191,537
192,538
193,539
194,540
195,541
196,542
197,2165
198,2166
199,2167
200,2168
201,2169
202,2170
203,2171
204,2172
205,2173
206,2174
207,2175
208,2176
209,2177
210,2318
211,2319
212,2320
213,2321
214,2322
215,2323
216,2324
217,2325
218,2326
219,2327
220,2328
221,2329
222,2330
223,2331
224,2332
225,2333
226,2285
227,2286
228,2287
229,2288
230,2289
231,2290
232,2291
233,2292
234,2293
235,2294
236,2295
237,2310
238,2311
239,2312
240,2313
241,2314
242,2315
243,2316
244,2317
245,2282
246,2283
247,2284
248,2334
249,2335
250,2336
251,2337
252,2338
253,2339
254,2340
255,2341
256,2342
257,2343
258,2358
259,2359
260,2360
261,2361
262,2362
263,2363
264,2364
265,2365
266,2366
267,2367
268,2368
269,2369
270,2370
271,2371
272,2372
273,2373
274,2374
275,2472
276,2473
277,2474
278,2475
279,2476
280,2477
281,2478
282,2479
283,2480
284,2481
285,2482
286,2483
287,2484
288,2485
289,2486
290,2487
291,2488
292,2489
293,2490
294,2491
295,2492
296,2493
297,2494
298,2495
299,2496
300,2497
301,2498
302,2499
303,2500
304,2501
305,2502
306,2503
307,2504
308,2505
309,2705
310,2706
311,2707
312,2708
313,2709
314,2710
315,2711
316,2712
317,2713
318,2714
319,2715
320,2716
321,2717
322,2718
323,2719
324,2720
325,2721
326,2722
327,2723
328,2724
329,2725
330,2726
331,2727
332,2728
333,2729
334,2730
335,2781
336,2782
337,2783
338,2784
339,2785
340,2786
341,2787
342,2788
343,2789
344,2790
345,2791
346,2792
347,2793
348,2794
349,2795
350,2796
351,2797
352,2798
353,2799
354,2800
355,2801
356,2802
357,2803
358,2804
359,2805
360,2806
361,2807
362,2808
363,2809
364,2810
365,2811
366,2812
367,2813
368,2814
369,2815
370,2816
371,2817
372,2818
373,2572
374,2573
375,2574
376,2575
377,2576
378,2577
379,2578
380,2579
381,2580
382,2581
383,2582
384,2583
385,2584
386,2585
387,2586
388,2587
389,2588
390,2589
391,2590
392,194
393,195
394,196
395,197
396,198
397,199
398,200
399,201
400,202
401,203
402,204
403,891
404,892
405,893
406,894
407,895
408,896
409,897
410,898
411,899
412,900
413,901
414,902
415,903
416,904
417,905
418,906
419,907
420,908
421,909
422,910
423,911
424,912
425,913
426,914
427,915
428,916
429,917
430,918
431,919
432,920
433,921
434,922
435,1268
436,1269
437,1270
438,1271
439,1272
440,1273
441,1274
442,1275
443,1276
444,2532
445,2533
446,2534
447,2535
448,2536
449,2537
450,2538
451,2539
452,2540
453,2541
454,646
455,647
456,648
457,649
458,651
459,653
460,655
461,658
462,652
463,656
464,657
465,650
466,659
467,654
468,660
469,3427
470,3411
471,3412
472,3419
473,3482
474,3438
475,3485
476,3403
477,3406
478,3442
479,3421
480,3436
481,3450
482,3454
483,3491
484,3413
485,3426
486,3416
487,3501
488,3487
489,3417
490,3432
491,3443
492,3447
493,3452
494,3441
495,3434
496,3500
497,3449
498,3405
499,3488
500,3423
501,3499
502,3445
503,3440
504,3453
505,3497
506,3494
507,3439
508,3422
509,3407
510,3495
511,3435
512,3490
513,3489
514,3448
515,3492
516,3425
517,3483
518,3420
519,3424
520,3493
521,3437
522,3498
523,3446
524,3444
525,3496
526,3502
527,3359
528,3433
529,3415
530,3479
531,3481
532,3404
533,3486
534,3414
535,3410
536,3431
537,3418
538,3430
539,3408
540,3480
541,3409
542,3484
543,1033
544,1034
545,1035
546,1036
547,1037
548,1038
549,1039
550,1040
551,1041
552,1042
553,1043
554,1044
555,1045
556,1046
557,1047
558,1048
559,1049
560,1050
561,1051
562,1052
563,1053
564,1054
565,1055
566,1056
567,3324
568,3331
569,3332
570,3322
571,3329
572,1455
573,1456
574,1457
575,1458
576,1459
577,1460
578,1461
579,1462
580,1463
581,1464
582,1465
583,3352
584,3358
585,3326
586,3327
587,3330
588,3321
589,3319
590,3328
591,3325
592,3323
593,3334
594,3333
595,3335
596,3320
597,1245
598,1246
599,1247
600,1248
601,1249
602,1250
603,1251
604,1252
605,1253
606,1254
607,1255
608,1277
609,1278
610,1279
611,1280
612,1281
613,1282
614,1283
615,1284
616,1285
617,1286
618,1287
619,1288
620,1300
621,1301
622,1302
623,1303
624,1304
625,3301
626,3300
627,3302
628,3303
629,3304
630,3305
631,3306
632,3307
633,3308
634,3309
635,3310
636,3311
637,3312
638,3313
639,3314
640,3315
641,3316
642,3317
643,3318
644,2238
645,2239
646,2240
647,2241
648,2242
649,2243
650,2244
651,2245
652,2246
653,2247
654,2248
655,2249
656,2250
657,2251
658,2252
659,2253
660,3357
661,3350
662,3349
663,63
664,64
665,65
666,66
667,67
668,68
669,69
670,70
671,71
672,72
673,73
674,74
675,75
676,76
677,123
678,124
679,125
680,126
681,127
682,128
683,129
684,130
685,842
686,843
687,844
688,845
689,846
690,847
691,848
692,849
693,850
694,624
695,625
696,626
697,627
698,628
699,629
700,630
701,631
702,632
703,633
704,634
705,635
706,636
707,637
708,638
709,639
710,640
711,641
712,642
713,643
714,644
715,645
716,1102
717,1103
718,1104
719,1188
720,1189
721,1190
722,1191
723,1192
724,1193
725,1194
726,1195
727,1196
728,1197
729,1198
730,1199
731,1200
732,597
733,598
734,599
735,600
736,601
737,602
738,603
739,604
740,605
741,606
742,607
743,608
744,609
745,610
746,611
747,612
748,613
749,614
750,615
751,616
752,617
753,618
754,619
755,1902
756,1903
757,1904
758,1905
759,1906
760,1907
761,1908
762,1909
763,1910
764,1911
765,1912
766,1913
767,1914
768,1915
769,456
770,457
771,458
772,459
773,460
774,461
775,462
776,463
777,464
778,465
779,466
780,467
781,2523
782,2524
783,2525
784,2526
785,2527
786,2528
787,2529
788,2530
789,2531
790,379
791,391
792,376
793,397
794,382
795,389
796,404
797,406
798,380
799,394
800,515
801,516
802,517
803,518
804,519
805,520
806,521
807,522
808,523
809,524
810,525
811,526
812,527
813,528
814,205
815,206
816,207
817,208
818,209
819,210
820,211
821,212
822,213
823,214
824,215
825,216
826,217
827,218
828,219
829,220
830,221
831,222
832,223
833,224
834,225
835,715
836,716
837,717
838,718
839,719
840,720
841,721
842,722
843,723
844,724
845,725
846,726
847,727
848,728
849,729
850,730
851,731
852,732
853,733
854,734
855,735
856,736
857,737
858,738
859,739
860,740
861,741
862,742
863,743
864,744
865,226
866,227
867,228
868,229
869,230
870,231
871,232
872,233
873,234
874,235
875,236
876,237
877,238
878,239
879,240
880,241
881,242
882,243
883,244
884,245
885,246
886,247
887,248
888,249
889,250
890,251
891,252
892,253
893,254
894,255
895,256
896,257
897,258
898,259
899,260
900,261
901,262
902,263
903,264
904,265
905,266
906,267
907,268
908,269
909,270
910,271
911,272
912,273
913,274
914,275
915,276
916,277
917,278
918,279
919,280
920,281
921,313
922,314
923,315
924,316
925,317
926,318
927,319
928,320
929,321
930,322
931,399
932,851
933,852
934,853
935,854
936,855
937,856
938,857
939,858
940,859
941,860
942,861
943,862
944,863
945,864
946,865
947,866
948,867
949,868
950,869
951,870
952,871
953,872
954,873
955,874
956,875
957,876
958,583
959,584
960,585
961,586
962,587
963,588
964,589
965,590
966,591
967,592
968,593
969,594
970,595
971,596
972,388
973,402
974,407
975,396
976,877
977,878
978,879
979,880
980,881
981,882
982,883
983,884
984,885
985,886
986,887
987,888
988,889
989,890
990,975
991,976
992,977
993,978
994,979
995,980
996,981
997,982
998,983
999,984
1000,985
1001,986
1002,987
1003,988
1004,390
1005,1057
1006,1058
1007,1059
1008,1060
1009,1061
1010,1062
1011,1063
1012,1064
1013,1065
1014,1066
1015,1067
1016,1068
1017,1069
1018,1070
1019,1071
1020,1072
1021,377
1022,395
1023,1087
1024,1088
1025,1089
1026,1090
1027,1091
1028,1092
1029,1093
1030,1094
1031,1095
1032,1096
1033,1097
1034,1098
1035,1099
1036,1100
1037,1101
1038,1105
1039,1106
1040,1107
1041,1108
1042,1109
1043,1110
1044,1111
1045,1112
1046,1113
1047,1114
1048,1115
1049,1116
1050,1117
1051,1118
1052,1119
1053,1120
1054,501
1055,502
1056,503
1057,504
1058,505
1059,506
1060,507
1061,508
1062,509
1063,510
1064,511
1065,512
1066,513
1067,514
1068,405
1069,378
1070,392
1071,403
1072,1506
1073,1507
1074,1508
1075,1509
1076,1510
1077,1511
1078,1512
1079,1513
1080,1514
1081,1515
1082,1516
1083,1517
1084,1518
1085,1519
1086,381
1087,1520
1088,1521
1089,1522
1090,1523
1091,1524
1092,1525
1093,1526
1094,1527
1095,1528
1096,1529
1097,1530
1098,1531
1099,400
1100,1686
1101,1687
1102,1688
1103,1689
1104,1690
1105,1691
1106,1692
1107,1693
1108,1694
1109,1695
1110,1696
1111,1697
1112,1698
1113,1699
1114,1700
1115,1701
1116,1671
1117,1672
1118,1673
1119,1674
1120,1675
1121,1676
1122,1677
1123,1678
1124,1679
1125,1680
1126,1681
1127,1682
1128,1683
1129,1684
1130,1685
1131,3356
1132,384
1133,1717
1134,1720
1135,1722
1136,1723
1137,1726
1138,1727
1139,1730
1140,1731
1141,1733
1142,1736
1143,1737
1144,1740
1145,1742
1146,1743
1147,1718
1148,1719
1149,1721
1150,1724
1151,1725
1152,1728
1153,1729
1154,1732
1155,1734
1156,1735
1157,1738
1158,1739
1159,1741
1160,1744
1161,374
1162,1755
1163,1762
1164,1763
1165,1756
1166,1764
1167,1757
1168,1758
1169,1765
1170,1766
1171,1759
1172,1760
1173,1767
1174,1761
1175,1768
1176,1769
1177,1770
1178,1771
1179,1772
1180,398
1181,1916
1182,1917
1183,1918
1184,1919
1185,1920
1186,1921
1187,1922
1188,1923
1189,1924
1190,1925
1191,1926
1192,1927
1193,1928
1194,1929
1195,1930
1196,1931
1197,1932
1198,1933
1199,1934
1200,1935
1201,1936
1202,1937
1203,1938
1204,1939
1205,1940
1206,1941
1207,375
1208,385
1209,383
1210,387
1211,2030
1212,2031
1213,2032
1214,2033
1215,2034
1216,2035
1217,2036
1218,2037
1219,2038
1220,2039
1221,2040
1222,2041
1223,2042
1224,2043
1225,393
1226,2044
1227,2045
1228,2046
1229,2047
1230,2048
1231,2049
1232,2050
1233,2051
1234,2052
1235,2053
1236,2054
1237,2055
1238,2056
1239,2057
1240,2058
1241,2059
1242,2060
1243,2061
1244,2062
1245,2063
1246,2064
1247,2065
1248,2066
1249,2067
1250,2068
1251,2069
1252,2070
1253,2071
1254,2072
1255,2073
1256,2074
1257,2075
1258,2076
1259,2077
1260,2078
1261,2079
1262,2080
1263,2081
1264,2082
1265,2083
1266,2084
1267,2085
1268,2086
1269,2087
1270,2088
1271,2089
1272,2090
1273,2091
1274,2092
1275,386
1276,401
1277,2751
1278,2752
1279,2753
1280,2754
1281,2755
1282,2756
1283,2757
1284,2758
1285,2759
1286,2760
1287,2761
1288,2762
1289,2763
1290,2764
1291,2765
1292,2766
1293,2767
1294,2768
1295,2769
1296,2770
1297,2771
1298,2772
1299,2773
1300,2774
1301,2775
1302,2776
1303,2777
1304,2778
1305,2779
1306,2780
1307,556
1308,557
1309,558
1310,559
1311,560
1312,561
1313,562
1314,563
1315,564
1316,565
1317,566
1318,567
1319,568
1320,569
1321,661
1322,662
1323,663
1324,664
1325,665
1326,666
1327,667
1328,668
1329,669
1330,670
1331,671
1332,672
1333,673
1334,674
1335,3117
1336,3118
1337,3119
1338,3120
1339,3121
1340,3122
1341,3123
1342,3124
1343,3125
1344,3126
1345,3127
1346,3128
1347,3129
1348,3130
1349,3131
1350,3146
1351,3147
1352,3148
1353,3149
1354,3150
1355,3151
1356,3152
1357,3153
1358,3154
1359,3155
1360,3156
1361,3157
1362,3158
1363,3159
1364,3160
1365,3161
1366,3162
1367,3163
1368,3164
1369,77
1370,78
1371,79
1372,80
1373,81
1374,82
1375,83
1376,84
1377,131
1378,132
1379,133
1380,134
1381,135
1382,136
1383,137
1384,138
1385,139
1386,140
1387,141
1388,142
1389,143
1390,144
1391,145
1392,146
1393,147
1394,148
1395,149
1396,150
1397,151
1398,152
1399,153
1400,154
1401,155
1402,156
1403,157
1404,158
1405,159
1406,160
1407,161
1408,162
1409,163
1410,164
1411,165
1412,183
1413,184
1414,185
1415,186
1416,187
1417,188
1418,189
1419,190
1420,191
1421,192
1422,193
1423,1121
1424,1122
1425,1123
1426,1124
1427,1125
1428,1126
1429,1127
1430,1128
1431,1129
1432,1130
1433,1131
1434,1132
1435,1174
1436,1175
1437,1176
1438,1177
1439,1178
1440,1179
1441,1180
1442,1181
1443,1182
1444,1183
1445,1184
1446,1185
1447,1186
1448,1187
1449,1289
1450,1290
1451,1291
1452,1292
1453,1293
1454,1294
1455,1295
1456,1296
1457,1297
1458,1298
1459,1299
1460,1325
1461,1326
1462,1327
1463,1328
1464,1329
1465,1330
1466,1331
1467,1332
1468,1333
1469,1334
1470,1391
1471,1388
1472,1394
1473,1387
1474,1392
1475,1389
1476,1390
1477,1335
1478,1336
1479,1337
1480,1338
1481,1339
1482,1340
1483,1341
1484,1342
1485,1343
1486,1344
1487,1345
1488,1346
1489,1347
1490,1348
1491,1349
1492,1350
1493,1351
1494,1212
1495,1213
1496,1214
1497,1215
1498,1216
1499,1217
1500,1218
1501,1219
1502,1220
1503,1221
1504,1222
1505,1223
1506,1224
1507,1225
1508,1226
1509,1227
1510,1228
1511,1229
1512,1230
1513,1231
1514,1232
1515,1233
1516,1234
1517,1352
1518,1353
1519,1354
1520,1355
1521,1356
1522,1357
1523,1358
1524,1359
1525,1360
1526,1361
1527,1364
1528,1371
1529,1372
1530,1373
1531,1374
1532,1375
1533,1376
1534,1377
1535,1378
1536,1379
1537,1380
1538,1381
1539,1382
1540,1386
1541,1383
1542,1385
1543,1384
1544,1546
1545,1547
1546,1548
1547,1549
1548,1550
1549,1551
1550,1552
1551,1553
1552,1554
1553,1555
1554,1556
1555,1557
1556,1558
1557,1559
1558,1560
1559,1561
1560,1893
1561,1894
1562,1895
1563,1896
1564,1897
1565,1898
1566,1899
1567,1900
1568,1901
1569,1801
1570,1802
1571,1803
1572,1804
1573,1805
1574,1806
1575,1807
1576,1808
1577,1809
1578,1810
1579,1811
1580,1812
1581,408
1582,409
1583,410
1584,411
1585,412
1586,413
1587,414
1588,415
1589,416
1590,417
1591,418
1592,1813
1593,1814
1594,1815
1595,1816
1596,1817
1597,1818
1598,1819
1599,1820
1600,1821
1601,1822
1602,1823
1603,1824
1604,1825
1605,1826
1606,1827
1607,1828
1608,1829
1609,1830
1610,1831
1611,1832
1612,1833
1613,1834
1614,1835
1615,1836
1616,1837
1617,1838
1618,1839
1619,1840
1620,1841
1621,1842
1622,1843
1623,1844
1624,1845
1625,1846
1626,1847
1627,1848
1628,1849
1629,1850
1630,1851
1631,1852
1632,1853
1633,1854
1634,1855
1635,1856
1636,1857
1637,1858
1638,1859
1639,1860
1640,1861
1641,1862
1642,1863
1643,1864
1644,1865
1645,1866
1646,1867
1647,1868
1648,1869
1649,1870
1650,1871
1651,1872
1652,1873
1653,1874
1654,1875
1655,1876
1656,1877
1657,1878
1658,1879
1659,1880
1660,1881
1661,1882
1662,1883
1663,1884
1664,1885
1665,1886
1666,1887
1667,1888
1668,1889
1669,1890
1670,1891
1671,1892
1672,1969
1673,1970
1674,1971
1675,1972
1676,1973
1677,1974
1678,1975
1679,1976
1680,1977
1681,1978
1682,1979
1683,1980
1684,1981
1685,1982
1686,1983
1687,1984
1688,1985
1689,1942
1690,1943
1691,1944
1692,1945
1693,1946
1694,1947
1695,1948
1696,1949
1697,1950
1698,1951
1699,1952
1700,1953
1701,1954
1702,1955
1703,1956
1704,2099
1705,2100
1706,2101
1707,2102
1708,2103
1709,2104
1710,2105
1711,2106
1712,2107
1713,2108
1714,2109
1715,2110
1716,2111
1717,2112
1718,2554
1719,2555
1720,2556
1721,2557
1722,2558
1723,2559
1724,2560
1725,2561
1726,2562
1727,2563
1728,2564
1729,3132
1730,3133
1731,3134
1732,3135
1733,3136
1734,3137
1735,3138
1736,3139
1737,3140
1738,3141
1739,3142
1740,3143
1741,3144
1742,3145
1743,3451
1744,3256
1745,3467
1746,3468
1747,3469
1748,3470
1749,3471
1750,3472
1751,3473
1752,3474
1753,3475
1754,3476
1755,3477
1756,3262
1757,3268
1758,3263
1759,3266
1760,3255
1761,3259
1762,3260
1763,3273
1764,3265
1765,3274
1766,3267
1767,3261
1768,3272
1769,3257
1770,3258
1771,3270
1772,3271
1773,3254
1774,3275
1775,3269
1776,3253
1777,323
1778,324
1779,325
1780,326
1781,327
1782,328
1783,329
1784,330
1785,331
1786,332
1787,333
1788,334
1789,335
1790,336
1791,3264
1792,3455
1793,3456
1794,3457
1795,3458
1796,3459
1797,3460
1798,3461
1799,3462
1800,3463
1801,3464
1802,3465
1803,3466
1804,1414
1805,1415
1806,1416
1807,1417
1808,1418
1809,1419
1810,1420
1811,1421
1812,1422
1813,1423
1814,1424
1815,1425
1816,1426
1817,1427
1818,1428
1819,1429
1820,1430
1821,1431
1822,1432
1823,1433
1824,1444
1825,1445
1826,1446
1827,1447
1828,1448
1829,1449
1830,1450
1831,1451
1832,1452
1833,1453
1834,1454
1835,1773
1836,1774
1837,1775
1838,1776
1839,1777
1840,1778
1841,1779
1842,1780
1843,1781
1844,1782
1845,1783
1846,1784
1847,1785
1848,1786
1849,1787
1850,1788
1851,1789
1852,1790
1853,282
1854,283
1855,284
1856,285
1857,286
1858,287
1859,288
1860,289
1861,290
1862,291
1863,292
1864,293
1865,294
1866,295
1867,296
1868,297
1869,298
1870,299
1871,300
1872,301
1873,302
1874,303
1875,304
1876,305
1877,306
1878,307
1879,308
1880,309
1881,310
1882,311
1883,312
1884,2216
1885,2217
1886,2218
1887,2219
1888,2220
1889,2221
1890,2222
1891,2223
1892,2224
1893,2225
1894,2226
1895,2227
1896,2228
1897,3038
1898,3039
1899,3040
1900,3041
1901,3042
1902,3043
1903,3044
1904,3045
1905,3046
1906,3047
1907,3048
1908,3049
1909,3050
1910,3051
1911,1
1912,6
1913,7
1914,8
1915,9
1916,10
1917,11
1918,12
1919,13
1920,14
1921,15
1922,16
1923,17
1924,18
1925,19
1926,20
1927,21
1928,22
1929,2
1930,3
1931,4
1932,5
1933,23
1934,24
1935,25
1936,26
1937,27
1938,28
1939,29
1940,30
1941,31
1942,32
1943,33
1944,34
1945,35
1946,36
1947,37
1948,38
1949,39
1950,40
1951,41
1952,42
1953,43
1954,44
1955,45
1956,46
1957,47
1958,48
1959,49
1960,50
1961,51
1962,52
1963,53
1964,54
1965,55
1966,56
1967,57
1968,58
1969,59
1970,60
1971,61
1972,62
1973,85
1974,86
1975,87
1976,88
1977,89
1978,90
1979,91
1980,92
1981,93
1982,94
1983,95
1984,96
1985,97
1986,98
1987,675
1988,676
1989,677
1990,678
1991,679
1992,680
1993,681
1994,682
1995,683
1996,684
1997,685
1998,686
1999,687
2000,688
2001,689
2002,690
2003,691
2004,692
2005,693
2006,694
2007,695
2008,696
2009,697
2010,698
2011,699
2012,700
2013,701
2014,702
2015,703
2016,704
2017,705
2018,706
2019,707
2020,708
2021,709
2022,710
2023,711
2024,712
2025,713
2026,714
2027,2609
2028,2610
2029,2611
2030,2612
2031,2613
2032,2614
2033,2615
2034,2616
2035,2617
2036,2618
2037,2619
2038,2620
2039,2621
2040,2622
2041,2623
2042,2624
2043,2625
2044,2626
2045,2627
2046,2628
2047,2629
2048,2630
2049,2631
2050,2632
2051,2633
2052,2634
2053,2635
2054,2636
2055,2637
2056,2638
2057,489
2058,490
2059,491
2060,492
2061,493
2062,494
2063,495
2064,496
2065,497
2066,498
2067,499
2068,500
2069,816
2070,817
2071,818
2072,819
2073,820
2074,821
2075,822
2076,823
2077,824
2078,825
2079,745
2080,746
2081,747
2082,748
2083,749
2084,750
2085,751
2086,752
2087,753
2088,754
2089,755
2090,756
2091,757
2092,758
2093,759
2094,760
2095,620
2096,621
2097,622
2098,623
2099,761
2100,762
2101,763
2102,764
2103,765
2104,766
2105,767
2106,768
2107,769
2108,770
2109,771
2110,772
2111,773
2112,774
2113,775
2114,776
2115,777
2116,778
2117,779
2118,780
2119,781
2120,782
2121,783
2122,784
2123,785
2124,543
2125,544
2126,545
2127,546
2128,547
2129,548
2130,549
2131,786
2132,787
2133,788
2134,789
2135,790
2136,791
2137,792
2138,793
2139,794
2140,795
2141,796
2142,797
2143,798
2144,799
2145,800
2146,801
2147,802
2148,803
2149,804
2150,805
2151,806
2152,807
2153,808
2154,809
2155,810
2156,811
2157,812
2158,813
2159,814
2160,815
2161,826
2162,827
2163,828
2164,829
2165,830
2166,831
2167,832
2168,833
2169,834
2170,835
2171,836
2172,837
2173,838
2174,839
2175,840
2176,841
2177,2639
2178,2640
2179,2641
2180,2642
2181,2643
2182,2644
2183,2645
2184,2646
2185,2647
2186,2648
2187,2649
2188,3225
2189,949
2190,950
2191,951
2192,952
2193,953
2194,954
2195,955
2196,956
2197,957
2198,958
2199,959
2200,960
2201,961
2202,962
2203,963
2204,1020
2205,1021
2206,1022
2207,1023
2208,1024
2209,1025
2210,1026
2211,1027
2212,1028
2213,1029
2214,1030
2215,1031
2216,1032
2217,989
2218,990
2219,991
2220,992
2221,993
2222,994
2223,995
2224,996
2225,997
2226,998
2227,999
2228,1000
2229,1001
2230,1002
2231,1003
2232,1004
2233,1005
2234,1006
2235,1007
2236,1008
2237,351
2238,352
2239,353
2240,354
2241,355
2242,356
2243,357
2244,358
2245,359
2246,1146
2247,1147
2248,1148
2249,1149
2250,1150
2251,1151
2252,1152
2253,1153
2254,1154
2255,1155
2256,1156
2257,1157
2258,1158
2259,1159
2260,1160
2261,1161
2262,1162
2263,1163
2264,1164
2265,1165
2266,1166
2267,1167
2268,1168
2269,1169
2270,1170
2271,1171
2272,1172
2273,1173
2274,1235
2275,1236
2276,1237
2277,1238
2278,1239
2279,1240
2280,1241
2281,1242
2282,1243
2283,1244
2284,1256
2285,1257
2286,1258
2287,1259
2288,1260
2289,1261
2290,1262
2291,1263
2292,1264
2293,1265
2294,1266
2295,1267
2296,1305
2297,1306
2298,1307
2299,1308
2300,1309
2301,1310
2302,1311
2303,1312
2304,1313
2305,1314
2306,1315
2307,1316
2308,1317
2309,1318
2310,1319
2311,1320
2312,1321
2313,1322
2314,1323
2315,1324
2316,1201
2317,1202
2318,1203
2319,1204
2320,1205
2321,1206
2322,1207
2323,1208
2324,1209
2325,1210
2326,1211
2327,1393
2328,1362
2329,1363
2330,1365
2331,1366
2332,1367
2333,1368
2334,1369
2335,1370
2336,1406
2337,1407
2338,1408
2339,1409
2340,1410
2341,1411
2342,1412
2343,1413
2344,1395
2345,1396
2346,1397
2347,1398
2348,1399
2349,1400
2350,1401
2351,1402
2352,1403
2353,1404
2354,1405
2355,1434
2356,1435
2357,1436
2358,1437
2359,1438
2360,1439
2361,1440
2362,1441
2363,1442
2364,1443
2365,1479
2366,1480
2367,1481
2368,1482
2369,1483
2370,1484
2371,1485
2372,1486
2373,1487
2374,1488
2375,1489
2376,1490
2377,1491
2378,1492
2379,1493
2380,1494
2381,1495
2382,1496
2383,1497
2384,1498
2385,1499
2386,1500
2387,1501
2388,1502
2389,1503
2390,1504
2391,1505
2392,436
2393,437
2394,438
2395,439
2396,440
2397,441
2398,442
2399,443
2400,444
2401,445
2402,446
2403,447
2404,448
2405,449
2406,450
2407,451
2408,452
2409,453
2410,454
2411,455
2412,1562
2413,1563
2414,1564
2415,1565
2416,1566
2417,1567
2418,1568
2419,1569
2420,1570
2421,1571
2422,1572
2423,1573
2424,1574
2425,1575
2426,1576
2427,337
2428,338
2429,339
2430,340
2431,341
2432,342
2433,343
2434,344
2435,345
2436,346
2437,347
2438,348
2439,349
2440,350
2441,1577
2442,1578
2443,1579
2444,1580
2445,1581
2446,1582
2447,1583
2448,1584
2449,1585
2450,1586
2451,1587
2452,1588
2453,1589
2454,1590
2455,1591
2456,1592
2457,1593
2458,1594
2459,1595
2460,1596
2461,1597
2462,1598
2463,1599
2464,1600
2465,1601
2466,1602
2467,1603
2468,1604
2469,1605
2470,1606
2471,1607
2472,1608
2473,1609
2474,1610
2475,1611
2476,1612
2477,1613
2478,1614
2479,1615
2480,1616
2481,1617
2482,1618
2483,1619
2484,1620
2485,1621
2486,1622
2487,1623
2488,1624
2489,1625
2490,1626
2491,1627
2492,1628
2493,1629
2494,1630
2495,1631
2496,1632
2497,1633
2498,1634
2499,1635
2500,1636
2501,1637
2502,1638
2503,1639
2504,1640
2505,1641
2506,1642
2507,1643
2508,1644
2509,1645
2510,550
2511,551
2512,552
2513,553
2514,554
2515,555
2516,1646
2517,1647
2518,1648
2519,1649
2520,1650
2521,1651
2522,1652
2523,1653
2524,1654
2525,1655
2526,1656
2527,1657
2528,1658
2529,1659
2530,1660
2531,1661
2532,1662
2533,1663
2534,1664
2535,1665
2536,1666
2537,1667
2538,1668
2539,1669
2540,1670
2541,1702
2542,1703
2543,1704
2544,1705
2545,1706
2546,1707
2547,1708
2548,1709
2549,1710
2550,1711
2551,1712
2552,1713
2553,1714
2554,1715
2555,1716
2556,1745
2557,1746
2558,1747
2559,1748
2560,1749
2561,1750
2562,1751
2563,1752
2564,1753
2565,1754
2566,1791
2567,1792
2568,1793
2569,1794
2570,1795
2571,1796
2572,1797
2573,1798
2574,1799
2575,1800
2576,1986
2577,1987
2578,1988
2579,1989
2580,1990
2581,1991
2582,1992
2583,1993
2584,1994
2585,1995
2586,1996
2587,1997
2588,1998
2589,1999
2590,2000
2591,2001
2592,2002
2593,2003
2594,2004
2595,2005
2596,2006
2597,2007
2598,2008
2599,2009
2600,2010
2601,2011
2602,2012
2603,2013
2604,2014
2605,2015
2606,2016
2607,2017
2608,2018
2609,2019
2610,2020
2611,2021
2612,2022
2613,2023
2614,2024
2615,2025
2616,2026
2617,2027
2618,2028
2619,2029
2620,2093
2621,2094
2622,2095
2623,2096
2624,2097
2625,2098
2626,3276
2627,3277
2628,3278
2629,3279
2630,3280
2631,3281
2632,3282
2633,3283
2634,3284
2635,3285
2636,3286
2637,3287
2638,2113
2639,2114
2640,2115
2641,2116
2642,2117
2643,2118
2644,2119
2645,2120
2646,2121
2647,2122
2648,2123
2649,2124
2650,2139
2651,2140
2652,2141
2653,2142
2654,2143
2655,2144
2656,2145
2657,2146
2658,2147
2659,2148
2660,2149
2661,2150
2662,2151
2663,2152
2664,2153
2665,2154
2666,2155
2667,2156
2668,2157
2669,2158
2670,2159
2671,2160
2672,2161
2673,2162
2674,2163
2675,2164
2676,2178
2677,2179
2678,2180
2679,2181
2680,2182
2681,2183
2682,2184
2683,2185
2684,2186
2685,2187
2686,2188
2687,2189
2688,2190
2689,2191
2690,2192
2691,2193
2692,2194
2693,2195
2694,2196
2695,2197
2696,2198
2697,2199
2698,2200
2699,2201
2700,2202
2701,2203
2702,2204
2703,2205
2704,2206
2705,2207
2706,2208
2707,2209
2708,2210
2709,2211
2710,2212
2711,2213
2712,2214
2713,2215
2714,2229
2715,2230
2716,2231
2717,2232
2718,2233
2719,2234
2720,2235
2721,2236
2722,2237
2723,2650
2724,2651
2725,2652
2726,2653
2727,2654
2728,2655
2729,2656
2730,2657
2731,2658
2732,2659
2733,2660
2734,2661
2735,2662
2736,2663
2737,3353
2738,3355
2739,2254
2740,2255
2741,2256
2742,2257
2743,2258
2744,2259
2745,2260
2746,2261
2747,2262
2748,2263
2749,2264
2750,2265
2751,2266
2752,2267
2753,2268
2754,2269
2755,2270
2756,419
2757,420
2758,421
2759,422
2760,423
2761,424
2762,425
2763,426
2764,427
2765,428
2766,429
2767,430
2768,431
2769,432
2770,433
2771,434
2772,435
2773,2271
2774,2272
2775,2273
2776,2274
2777,2275
2778,2276
2779,2277
2780,2278
2781,2279
2782,2280
2783,2281
2784,2296
2785,2297
2786,2298
2787,2299
2788,2300
2789,2301
2790,2302
2791,2303
2792,2304
2793,2305
2794,2306
2795,2307
2796,2308
2797,2309
2798,2344
2799,2345
2800,2346
2801,2347
2802,2348
2803,2349
2804,2350
2805,2351
2806,2352
2807,2353
2808,2354
2809,2355
2810,2356
2811,2357
2812,2375
2813,2376
2814,2377
2815,2378
2816,2379
2817,2380
2818,2381
2819,2382
2820,2383
2821,2384
2822,2385
2823,2386
2824,2387
2825,2388
2826,2389
2827,2390
2828,2391
2829,2392
2830,2393
2831,2394
2832,2395
2833,2396
2834,2397
2835,2398
2836,2399
2837,2400
2838,2401
2839,2402
2840,2403
2841,2404
2842,2405
2843,2664
2844,2665
2845,2666
2846,2667
2847,2668
2848,2669
2849,2670
2850,2671
2851,2672
2852,2673
2853,2674
2854,2675
2855,2676
2856,2677
2857,2678
2858,2679
2859,2680
2860,2681
2861,2682
2862,2683
2863,2684
2864,2685
2865,2686
2866,2687
2867,2688
2868,2689
2869,2690
2870,2691
2871,2692
2872,2693
2873,2694
2874,2695
2875,2696
2876,2697
2877,2698
2878,2699
2879,2700
2880,2701
2881,2702
2882,2703
2883,2704
2884,2406
2885,2407
2886,2408
2887,2409
2888,2410
2889,2411
2890,2412
2891,2413
2892,2414
2893,2415
2894,2416
2895,2417
2896,2418
2897,2419
2898,2420
2899,2421
2900,2422
2901,2423
2902,2424
2903,2425
2904,2426
2905,2427
2906,2428
2907,2429
2908,2430
2909,2431
2910,2432
2911,2433
2912,570
2913,573
2914,577
2915,580
2916,581
2917,571
2918,579
2919,582
2920,572
2921,575
2922,578
2923,574
2924,576
2925,3288
2926,3289
2927,3290
2928,3291
2929,3292
2930,3293
2931,3294
2932,3295
2933,3296
2934,3297
2935,3298
2936,3299
2937,2434
2938,2435
2939,2436
2940,2437
2941,2438
2942,2439
2943,2440
2944,2441
2945,2442
2946,2443
2947,2444
2948,2445
2949,2446
2950,2447
2951,2448
2952,2449
2953,2450
2954,2451
2955,2452
2956,2453
2957,2454
2958,2455
2959,2456
2960,2457
2961,2458
2962,2459
2963,2460
2964,2461
2965,2462
2966,2463
2967,2464
2968,2465
2969,2466
2970,2467
2971,2468
2972,2469
2973,2470
2974,2471
2975,2506
2976,2507
2977,2508
2978,2509
2979,2510
2980,2511
2981,2512
2982,2513
2983,2514
2984,2515
2985,2516
2986,2517
2987,2518
2988,2519
2989,2520
2990,2521
2991,2522
2992,2542
2993,2543
2994,2544
2995,2545
2996,2546
2997,2547
2998,2548
2999,2549
3000,2550
3001,2551
3002,2552
3003,2553
3004,2565
3005,2566
3006,2567
3007,2568
3008,2569
3009,2570
3010,2571
3011,2926
3012,2927
3013,2928
3014,2929
3015,2930
3016,2931
3017,2932
3018,2933
3019,2934
3020,2935
3021,2936
3022,2937
3023,2938
3024,2939
3025,2940
3026,2941
3027,2942
3028,2943
3029,2944
3030,2945
3031,2946
3032,2947
3033,2948
3034,2949
3035,2950
3036,2951
3037,2952
3038,2953
3039,2954
3040,2955
3041,2956
3042,2957
3043,2958
3044,2959
3045,2960
3046,2961
3047,2962
3048,2963
3049,3004
3050,3005
3051,3006
3052,3007
3053,3008
3054,3009
3055,3010
3056,3011
3057,3012
3058,3013
3059,3014
3060,3015
3061,3016
3062,3017
3063,2964
3064,2965
3065,2966
3066,2967
3067,2968
3068,2969
3069,2970
3070,2971
3071,2972
3072,2973
3073,2974
3074,2975
3075,2976
3076,2977
3077,2978
3078,2979
3079,2980
3080,2981
3081,2982
3082,2983
3083,2984
3084,2985
3085,2986
3086,2987
3087,2988
3088,2989
3089,2990
3090,2991
3091,2992
3092,2993
3093,2994
3094,2995
3095,2996
3096,2997
3097,2998
3098,2999
3099,3000
3100,3001
3101,3002
3102,3003
3103,3018
3104,3019
3105,3020
3106,3021
3107,3022
3108,3023
3109,3024
3110,3025
3111,3026
3112,3027
3113,3028
3114,3029
3115,3030
3116,3031
3117,3032
3118,3033
3119,3034
3120,3035
3121,3036
3122,3037
3123,3064
3124,3065
3125,3066
3126,3067
3127,3068
3128,3069
3129,3070
3130,3071
3131,3072
3132,3073
3133,3074
3134,3075
3135,3076
3136,3077
3137,3078
3138,3079
3139,3080
3140,3052
3141,3053
3142,3054
3143,3055
3144,3056
3145,3057
3146,3058
3147,3059
3148,3060
3149,3061
3150,3062
3151,3063
3152,3081
3153,3082
3154,3083
3155,3084
3156,3085
3157,3086
3158,3087
3159,3088
3160,3089
3161,3090
3162,3091
3163,3092
3164,3093
3165,3094
3166,3095
3167,3096
3168,3097
3169,3098
3170,3099
3171,3100
3172,3101
3173,3102
3174,3103
3175,3104
3176,3105
3177,3106
3178,3107
3179,3108
3180,3109
3181,3110
3182,3111
3183,3112
3184,3113
3185,3114
3186,3115
3187,3116
3188,2731
3189,2732
3190,2733
3191,2734
3192,2735
3193,2736
3194,2737
3195,2738
3196,2739
3197,2740
3198,2741
3199,2742
3200,2743
3201,2744
3202,2745
3203,2746
3204,2747
3205,2748
3206,2749
3207,2750
3208,111
3209,112
3210,113
3211,114
3212,115
3213,116
3214,117
3215,118
3216,119
3217,120
3218,121
3219,122
3220,1073
3221,1074
3222,1075
3223,1076
3224,1077
3225,1078
3226,1079
3227,1080
3228,1081
3229,1082
3230,1083
3231,1084
3232,1085
3233,1086
3234,2125
3235,2126
3236,2127
3237,2128
3238,2129
3239,2130
3240,2131
3241,2132
3242,2133
3243,2134
3244,2135
3245,2136
3246,2137
3247,2138
3248,3503
3249,360
3250,361
3251,362
3252,363
3253,364
3254,365
3255,366
3256,367
3257,368
3258,369
3259,370
3260,371
3261,372
3262,373
3263,3354
3264,3351
3265,1532
3266,1533
3267,1534
3268,1535
3269,1536
3270,1537
3271,1538
3272,1539
3273,1540
3274,1541
3275,1542
3276,1543
3277,1544
3278,1545
3279,1957
3280,1958
3281,1959
3282,1960
3283,1961
3284,1962
3285,1963
3286,1964
3287,1965
3288,1966
3289,1967
3290,1968
3291,3250
3292,2819
3293,2820
3294,2821
3295,2822
3296,2823
3297,2824
3298,2825
3299,2826
3300,2827
3301,2828
3302,2829
3303,2830
3304,2831
3305,2832
3306,2833
3307,2834
3308,2835
3309,2836
3310,2837
3311,2838
3312,3226
3313,3227
3314,3228
3315,3229
3316,3230
3317,3231
3318,3232
3319,3233
3320,3234
3321,3235
3322,3236
3323,3237
3324,3238
3325,3239
3326,3240
3327,3241
3328,3242
3329,3243
3330,3244
3331,3245
3332,3246
3333,3247
3334,3248
3335,3249
3336,2839
3337,2840
3338,2841
3339,2842
3340,2843
3341,2844
3342,2845
3343,2846
3344,2847
3345,2848
3346,2849
3347,2850
3348,2851
3349,2852
3350,2853
3351,2854
3352,2855
3353,2856
3354,3166
3355,3167
3356,3168
3357,3171
3358,3223
3359,2858
3360,2861
3361,2865
3362,2868
3363,2871
3364,2873
3365,2877
3366,2880
3367,2883
3368,2885
3369,2888
3370,2893
3371,2894
3372,2898
3373,2901
3374,2904
3375,2906
3376,2911
3377,2913
3378,2915
3379,2917
3380,2919
3381,2921
3382,2923
3383,2925
3384,2859
3385,2860
3386,2864
3387,2867
3388,2869
3389,2872
3390,2878
3391,2879
3392,2884
3393,2887
3394,2889
3395,2892
3396,2896
3397,2897
3398,2902
3399,2905
3400,2907
3401,2910
3402,2914
3403,2916
3404,2918
3405,2920
3406,2922
3407,2924
3408,2857
3409,2862
3410,2863
3411,2866
3412,2870
3413,2874
3414,2875
3415,2876
3416,2881
3417,2882
3418,2886
3419,2890
3420,2891
3421,2895
3422,2899
3423,2900
3424,2903
3425,2908
3426,2909
3427,2912
3428,3165
3429,3169
3430,3170
3431,3252
3432,3224
3433,3251
3434,3340
3435,3339
3436,3338
3437,3337
3438,3341
3439,3345
3440,3342
3441,3346
3442,3343
3443,3347
3444,3344
3445,3348
3446,3360
3447,3361
3448,3362
3449,3363
3450,3364
3451,3172
3452,3173
3453,3174
3454,3175
3455,3176
3456,3177
3457,3178
3458,3179
3459,3180
3460,3181
3461,3182
3462,3183
3463,3184
3464,3185
3465,3186
3466,3187
3467,3188
3468,3189
3469,3190
3470,3191
3471,3192
3472,3193
3473,3194
3474,3195
3475,3196
3476,3197
3477,3198
3478,3199
3479,3200
3480,3201
3481,3202
3482,3203
3483,3204
3484,3205
3485,3206
3486,3428
3487,3207
3488,3208
3489,3209
3490,3210
3491,3211
3492,3212
3493,3429
3494,3213
3495,3214
3496,3215
3497,3216
3498,3217
3499,3218
3500,3219
3501,3220
3502,3221
3503,3222
3504,51
3505,52
3506,53
3507,54
3508,55
3509,56
3510,57
3511,58
3512,59
3513,60
3514,61
3515,62
3516,798
3517,799
3518,800
3519,801
3520,802
3521,803
3522,804
3523,805
3524,806
3525,3225
3526,1325
3527,1326
3528,1327
3529,1328
3530,1329
3531,1330
3532,1331
3533,1332
3534,1333
3535,1334
3536,1557
3537,2506
3538,2591
3539,2592
3540,2593
3541,2594
3542,2595
3543,2596
3544,2597
3545,2598
3546,2599
3547,2600
3548,2601
3549,2602
3550,2603
3551,2604
3552,2605
3553,2606
3554,2607
3555,2608
3556,2627
3557,2631
3558,2638
3559,1158
3560,1159
3561,1160
3562,1161
3563,1162
3564,1163
3565,1164
3566,1165
3567,1166
3568,1167
3569,1168
3570,1169
3571,1170
3572,1171
3573,1172
3574,1173
3575,1174
3576,1175
3577,1176
3578,1177
3579,1178
3580,1179
3581,1180
3582,1181
3583,1182
3584,1183
3585,1184
3586,1185
3587,1186
3588,1187
3589,1414
3590,1415
3591,1416
3592,1417
3593,1418
3594,1419
3595,1420
3596,1421
3597,1422
3598,1423
3599,1424
3600,1425
3601,1426
3602,1427
3603,1428
3604,1429
3605,1430
3606,1431
3607,1432
3608,1433
3609,1801
3610,1802
3611,1803
3612,1804
3613,1805
3614,1806
3615,1807
3616,1808
3617,1809
3618,1810
3619,1811
3620,1812
3621,2003
3622,2004
3623,2005
3624,2006
3625,2007
3626,2008
3627,2009
3628,2010
3629,2011
3630,2012
3631,2013
3632,2014
3633,2193
3634,2194
3635,2195
3636,2196
3637,2197
3638,2198
3639,2199
3640,2200
3641,2201
3642,2202
3643,2203
3644,424
3645,428
3646,430
3647,434
3648,2310
3649,2311
3650,2312
3651,2313
3652,2314
3653,2315
3654,2316
3655,2317
3656,2282
3657,2283
3658,2284
3659,2358
3660,2359
3661,2360
3662,2361
3663,2362
3664,2363
3665,2364
3666,2365
3667,2366
3668,2367
3669,2368
3670,2369
3671,2370
3672,2371
3673,2372
3674,2373
3675,2374
3676,2420
3677,2421
3678,2422
3679,2423
3680,2424
3681,2425
3682,2426
3683,2427
3684,2488
3685,2489
3686,2511
3687,2512
3688,2513
3689,2711
3690,2715
3691,3365
3692,3366
3693,3367
3694,3368
3695,3369
3696,3370
3697,3371
3698,3372
3699,3373
3700,3374
3701,2926
3702,2927
3703,2928
3704,2929
3705,2930
3706,2931
3707,2932
3708,2933
3709,2934
3710,2935
3711,2936
3712,2937
3713,3075
3714,3076
3715,166
3716,167
3717,168
3718,169
3719,170
3720,171
3721,172
3722,173
3723,174
3724,175
3725,176
3726,177
3727,178
3728,179
3729,180
3730,181
3731,182
3732,3426
3733,2625
3734,816
3735,817
3736,818
3737,819
3738,820
3739,821
3740,822
3741,823
3742,824
3743,825
3744,768
3745,769
3746,770
3747,771
3748,772
3749,773
3750,774
3751,775
3752,776
3753,777
3754,778
3755,909
3756,910
3757,911
3758,912
3759,913
3760,914
3761,915
3762,916
3763,917
3764,918
3765,919
3766,920
3767,921
3768,922
3769,935
3770,936
3771,937
3772,938
3773,939
3774,940
3775,941
3776,942
3777,943
3778,944
3779,945
3780,946
3781,947
3782,948
3783,3301
3784,3300
3785,3302
3786,3303
3787,3304
3788,3305
3789,3306
3790,3307
3791,3308
3792,3309
3793,3310
3794,3311
3795,3312
3796,3313
3797,3314
3798,3315
3799,3316
3800,3317
3801,3318
3802,1256
3803,1257
3804,1258
3805,1259
3806,1260
3807,1261
3808,1262
3809,1263
3810,1264
3811,1265
3812,1266
3813,1267
3814,2490
3815,2542
3816,2543
3817,2544
3818,2545
3819,2546
3820,2547
3821,2548
3822,2549
3823,2550
3824,2551
3825,2552
3826,2553
3827,3411
3828,3403
3829,3423
3830,1212
3831,1213
3832,1214
3833,1215
3834,1216
3835,1217
3836,1218
3837,1219
3838,1220
3839,1221
3840,1222
3841,1223
3842,1224
3843,1225
3844,1226
3845,1227
3846,1228
3847,1229
3848,1230
3849,1231
3850,1232
3851,1233
3852,1234
3853,1434
3854,1435
3855,1436
3856,1437
3857,1438
3858,1439
3859,1440
3860,1441
3861,1442
3862,1443
3863,2204
3864,2205
3865,2206
3866,2207
3867,2208
3868,2209
3869,2210
3870,2211
3871,2212
3872,2213
3873,2214
3874,2215
3875,3404
3876,2491
3877,2492
3878,2493
3879,3028
3880,3029
3881,3030
3882,3031
3883,3032
3884,3033
3885,3034
3886,3035
3887,3036
3888,3037
3889,23
3890,24
3891,25
3892,26
3893,27
3894,28
3895,29
3896,30
3897,31
3898,32
3899,33
3900,34
3901,35
3902,36
3903,37
3904,111
3905,112
3906,113
3907,114
3908,115
3909,116
3910,117
3911,118
3912,119
3913,120
3914,121
3915,122
3916,515
3917,516
3918,517
3919,518
3920,519
3921,520
3922,521
3923,522
3924,523
3925,524
3926,525
3927,526
3928,527
3929,528
3930,269
3931,270
3932,271
3933,272
3934,273
3935,274
3936,275
3937,276
3938,277
3939,278
3940,279
3941,280
3942,281
3943,891
3944,892
3945,893
3946,894
3947,895
3948,896
3949,897
3950,898
3951,899
3952,900
3953,901
3954,902
3955,903
3956,904
3957,905
3958,906
3959,907
3960,908
3961,1105
3962,1106
3963,1107
3964,1108
3965,1109
3966,1110
3967,1111
3968,1112
3969,1113
3970,1114
3971,1115
3972,1116
3973,1117
3974,1118
3975,1119
3976,1120
3977,470
3978,471
3979,472
3980,473
3981,474
3982,3424
3983,2690
3984,2691
3985,2692
3986,2693
3987,2694
3988,2695
3989,2696
3990,2697
3991,2698
3992,2699
3993,2700
3994,2701
3995,2702
3996,2703
3997,2704
3998,2494
3999,2514
4000,2515
4001,2516
4002,2517
4003,3132
4004,3133
4005,3134
4006,3135
4007,3136
4008,3137
4009,3138
4010,3139
4011,3140
4012,3141
4013,3142
4014,3143
4015,3144
4016,3145
4017,3408
4018,3
4019,4
4020,5
4021,38
4022,39
4023,40
4024,41
4025,42
4026,43
4027,44
4028,45
4029,46
4030,47
4031,48
4032,49
4033,50
4034,826
4035,827
4036,828
4037,829
4038,830
4039,831
4040,832
4041,833
4042,834
4043,835
4044,836
4045,837
4046,838
4047,839
4048,840
4049,841
4050,949
4051,950
4052,951
4053,952
4054,953
4055,954
4056,955
4057,956
4058,957
4059,958
4060,959
4061,960
4062,961
4063,962
4064,963
4065,475
4066,476
4067,477
4068,478
4069,479
4070,480
4071,3354
4072,3351
4073,1395
4074,1396
4075,1397
4076,1398
4077,1399
4078,1400
4079,1401
4080,1402
4081,1403
4082,1404
4083,1405
4084,1455
4085,1456
4086,1457
4087,1458
4088,1459
4089,1460
4090,1461
4091,1462
4092,1463
4093,1464
4094,1465
4095,1520
4096,1521
4097,1522
4098,1523
4099,1524
4100,1525
4101,1526
4102,1527
4103,1528
4104,1529
4105,1530
4106,1531
4107,3276
4108,3277
4109,3278
4110,3279
4111,3280
4112,3281
4113,3282
4114,3283
4115,3284
4116,3285
4117,3286
4118,3287
4119,2125
4120,2126
4121,2127
4122,2128
4123,2129
4124,2130
4125,2131
4126,2132
4127,2133
4128,2134
4129,2135
4130,2136
4131,2137
4132,2138
4133,3410
4134,2476
4135,2484
4136,2495
4137,2496
4138,2497
4139,2498
4140,2709
4141,2710
4142,2712
4143,3038
4144,3039
4145,3040
4146,3041
4147,3042
4148,3043
4149,3044
4150,3045
4151,3046
4152,3047
4153,3048
4154,3049
4155,3050
4156,3051
4157,3077
4158,77
4159,78
4160,79
4161,80
4162,81
4163,82
4164,83
4165,84
4166,3421
4167,246
4168,247
4169,248
4170,249
4171,250
4172,251
4173,252
4174,253
4175,254
4176,255
4177,256
4178,257
4179,258
4180,259
4181,260
4182,261
4183,262
4184,263
4185,264
4186,265
4187,266
4188,267
4189,268
4190,786
4191,787
4192,788
4193,789
4194,790
4195,791
4196,792
4197,793
4198,794
4199,795
4200,796
4201,797
4202,1562
4203,1563
4204,1564
4205,1565
4206,1566
4207,1567
4208,1568
4209,1569
4210,1570
4211,1571
4212,1572
4213,1573
4214,1574
4215,1575
4216,1576
4217,1839
4218,1840
4219,1841
4220,1842
4221,1843
4222,1844
4223,1845
4224,1846
4225,1847
4226,1848
4227,1849
4228,1850
4229,1851
4230,1852
4231,1986
4232,1987
4233,1988
4234,1989
4235,1990
4236,1991
4237,1992
4238,1993
4239,1994
4240,1995
4241,1996
4242,1997
4243,1998
4244,1999
4245,2000
4246,2001
4247,2002
4248,3415
4249,2650
4250,2651
4251,2652
4252,2653
4253,2654
4254,2655
4255,2656
4256,2657
4257,2658
4258,2659
4259,2660
4260,2661
4261,2662
4262,2663
4263,2296
4264,2297
4265,2298
4266,2299
4267,2300
4268,2301
4269,2302
4270,2303
4271,2304
4272,2305
4273,2306
4274,2307
4275,2308
4276,2309
4277,2334
4278,2335
4279,2336
4280,2337
4281,2338
4282,2339
4283,2340
4284,2341
4285,2342
4286,2343
4287,2434
4288,2435
4289,2436
4290,2437
4291,2438
4292,2439
4293,2440
4294,2441
4295,2442
4296,2443
4297,2444
4298,2445
4299,2446
4300,2447
4301,2448
4302,2461
4303,2462
4304,2463
4305,2464
4306,2465
4307,2466
4308,2467
4309,2468
4310,2469
4311,2470
4312,2471
4313,2478
4314,2518
4315,2519
4316,2520
4317,2521
4318,2522
4319,456
4320,457
4321,458
4322,459
4323,460
4324,461
4325,462
4326,463
4327,464
4328,465
4329,466
4330,467
4331,3078
4332,3079
4333,3080
4334,3416
4335,923
4336,924
4337,925
4338,926
4339,927
4340,928
4341,929
4342,930
4343,931
4344,932
4345,933
4346,934
4347,1020
4348,1021
4349,1022
4350,1023
4351,1024
4352,1025
4353,1026
4354,1027
4355,1028
4356,1029
4357,1030
4358,1031
4359,1032
4360,481
4361,482
4362,483
4363,484
4364,1188
4365,1189
4366,1190
4367,1191
4368,1192
4369,1193
4370,1194
4371,1195
4372,1196
4373,1197
4374,1198
4375,1199
4376,1200
4377,436
4378,437
4379,438
4380,439
4381,440
4382,441
4383,442
4384,443
4385,444
4386,445
4387,446
4388,447
4389,448
4390,449
4391,450
4392,451
4393,453
4394,454
4395,455
4396,337
4397,338
4398,339
4399,340
4400,341
4401,342
4402,343
4403,344
4404,345
4405,346
4406,347
4407,348
4408,349
4409,350
4410,1577
4411,1578
4412,1579
4413,1580
4414,1581
4415,1582
4416,1583
4417,1584
4418,1585
4419,1586
4420,1861
4421,1862
4422,1863
4423,1864
4424,1865
4425,1866
4426,1867
4427,1868
4428,1869
4429,1870
4430,1871
4431,1872
4432,1873
4433,3359
4434,2406
4435,2407
4436,2408
4437,2409
4438,2410
4439,2411
4440,2412
4441,2413
4442,2414
4443,2415
4444,2416
4445,2417
4446,2418
4447,2419
4448,2499
4449,2706
4450,2708
4451,2713
4452,2716
4453,2720
4454,2721
4455,2722
4456,2723
4457,2724
4458,2725
4459,2726
4460,2727
4461,2728
4462,2729
4463,2730
4464,2565
4465,2566
4466,2567
4467,2568
4468,2569
4469,2570
4470,2571
4471,2781
4472,2782
4473,2783
4474,2784
4475,2785
4476,2786
4477,2787
4478,2788
4479,2789
4480,2790
4481,2791
4482,2792
4483,2793
4484,2794
4485,2795
4486,2796
4487,2797
4488,2798
4489,2799
4490,2800
4491,2801
4492,2802
4493,2975
4494,2976
4495,2977
4496,2978
4497,2979
4498,2980
4499,2981
4500,2982
4501,2983
4502,2984
4503,2985
4504,2986
4505,183
4506,184
4507,185
4508,186
4509,187
4510,188
4511,189
4512,190
4513,191
4514,192
4515,193
4516,205
4517,206
4518,207
4519,208
4520,209
4521,210
4522,211
4523,212
4524,213
4525,214
4526,215
4527,216
4528,217
4529,218
4530,219
4531,220
4532,221
4533,222
4534,3417
4535,583
4536,584
4537,585
4538,586
4539,587
4540,588
4541,589
4542,590
4543,591
4544,592
4545,593
4546,594
4547,595
4548,596
4549,976
4550,977
4551,978
4552,979
4553,984
4554,1087
4555,1088
4556,1089
4557,1090
4558,1091
4559,1092
4560,1093
4561,1094
4562,1095
4563,1096
4564,1097
4565,1098
4566,1099
4567,1100
4568,1101
4569,1305
4570,1306
4571,1307
4572,1308
4573,1309
4574,1310
4575,1311
4576,1312
4577,1313
4578,1314
4579,1315
4580,1316
4581,1317
4582,1318
4583,1319
4584,1320
4585,1321
4586,1322
4587,1323
4588,1324
4589,1406
4590,1407
4591,1408
4592,1409
4593,1410
4594,1411
4595,1412
4596,1413
4597,1686
4598,1687
4599,1688
4600,1689
4601,1690
4602,1691
4603,1692
4604,1693
4605,1694
4606,1695
4607,1696
4608,1697
4609,1698
4610,1699
4611,1700
4612,1701
4613,408
4614,409
4615,410
4616,411
4617,412
4618,413
4619,414
4620,415
4621,416
4622,417
4623,418
4624,1813
4625,1814
4626,1815
4627,1816
4628,1817
4629,1818
4630,1819
4631,1820
4632,1821
4633,1822
4634,1823
4635,1824
4636,1825
4637,1826
4638,1827
4639,1828
4640,1969
4641,1970
4642,1971
4643,1972
4644,1973
4645,1974
4646,1975
4647,1976
4648,1977
4649,1978
4650,1979
4651,1980
4652,1981
4653,1982
4654,1983
4655,1984
4656,1985
4657,2113
4658,2114
4659,2115
4660,2116
4661,2117
4662,2118
4663,2119
4664,2120
4665,2121
4666,2122
4667,2123
4668,2124
4669,2149
4670,2150
4671,2151
4672,2152
4673,2153
4674,2154
4675,2155
4676,2156
4677,2157
4678,2158
4679,2159
4680,2160
4681,2161
4682,2162
4683,2163
4684,2164
4685,2676
4686,2677
4687,2678
4688,2679
4689,2680
4690,2681
4691,2682
4692,2683
4693,2684
4694,2685
4695,2686
4696,2687
4697,2688
4698,2689
4699,3418
4700,2500
4701,2501
4702,2803
4703,2804
4704,2805
4705,2806
4706,2807
4707,2808
4708,2809
4709,2810
4710,2811
4711,2812
4712,2813
4713,2814
4714,2815
4715,2816
4716,2817
4717,2818
4718,2949
4719,2950
4720,2951
4721,2952
4722,2953
4723,2954
4724,2955
4725,2956
4726,2957
4727,2958
4728,2959
4729,2960
4730,2961
4731,2962
4732,2963
4733,3004
4734,3005
4735,3006
4736,3007
4737,3008
4738,3009
4739,3010
4740,3011
4741,3012
4742,3013
4743,3014
4744,3015
4745,3016
4746,3017
4747,3092
4748,3093
4749,3094
4750,3095
4751,3096
4752,3097
4753,3098
4754,3099
4755,3100
4756,3101
4757,3102
4758,3103
4759,3409
4760,299
4761,300
4762,301
4763,302
4764,303
4765,304
4766,305
4767,306
4768,307
4769,308
4770,309
4771,310
4772,311
4773,312
4774,851
4775,852
4776,853
4777,854
4778,855
4779,856
4780,857
4781,858
4782,859
4783,860
4784,861
4785,862
4786,863
4787,864
4788,865
4789,866
4790,867
4791,868
4792,869
4793,870
4794,871
4795,872
4796,873
4797,874
4798,875
4799,876
4800,1057
4801,1058
4802,1059
4803,1060
4804,1061
4805,1062
4806,1063
4807,1064
4808,1065
4809,1066
4810,1067
4811,1068
4812,1069
4813,1070
4814,1071
4815,1072
4816,501
4817,502
4818,503
4819,504
4820,505
4821,506
4822,507
4823,508
4824,509
4825,510
4826,511
4827,512
4828,513
4829,514
4830,1444
4831,1445
4832,1446
4833,1447
4834,1448
4835,1449
4836,1450
4837,1451
4838,1452
4839,1453
4840,1454
4841,1496
4842,1497
4843,1498
4844,1499
4845,1500
4846,1501
4847,1502
4848,1503
4849,1504
4850,1505
4851,1671
4852,1672
4853,1673
4854,1674
4855,1675
4856,1676
4857,1677
4858,1678
4859,1679
4860,1680
4861,1681
4862,1682
4863,1683
4864,1684
4865,1685
4866,2044
4867,2045
4868,2046
4869,2047
4870,2048
4871,2049
4872,2050
4873,2051
4874,2052
4875,2053
4876,2054
4877,2055
4878,2056
4879,2057
4880,2058
4881,2059
4882,2060
4883,2061
4884,2062
4885,2063
4886,2064
4887,2238
4888,2239
4889,2240
4890,2241
4891,2242
4892,2243
4893,2244
4894,2245
4895,2246
4896,2247
4897,2248
4898,2249
4899,2250
4900,2251
4901,2252
4902,2253
4903,2391
4904,2392
4905,2393
4906,2394
4907,2395
4908,2396
4909,2397
4910,2398
4911,2399
4912,2400
4913,2401
4914,2402
4915,2403
4916,2404
4917,2405
4918,570
4919,573
4920,577
4921,580
4922,581
4923,571
4924,579
4925,582
4926,572
4927,575
4928,578
4929,574
4930,576
4931,2707
4932,2714
4933,2717
4934,2718
4935,3146
4936,3147
4937,3148
4938,3149
4939,3150
4940,3151
4941,3152
4942,3153
4943,3154
4944,3155
4945,3156
4946,3157
4947,3158
4948,3159
4949,3160
4950,3161
4951,3162
4952,3163
4953,3164
4954,3438
4955,3442
4956,3436
4957,3454
4958,3432
4959,3447
4960,3434
4961,3449
4962,3445
4963,3439
4964,3435
4965,3448
4966,3437
4967,3446
4968,3444
4969,3451
4970,3430
4971,3482
4972,3485
4973,3499
4974,3490
4975,3489
4976,3492
4977,3493
4978,3498
4979,3481
4980,3503
4981,3427
4982,3357
4983,1
4984,6
4985,7
4986,8
4987,9
4988,10
4989,11
4990,12
4991,13
4992,14
4993,15
4994,16
4995,17
4996,18
4997,19
4998,20
4999,21
5000,22
5001,3411
5002,3412
5003,3419
5004,2
5005,3
5006,4
5007,5
5008,23
5009,24
5010,25
5011,26
5012,27
5013,28
5014,29
5015,30
5016,31
5017,32
5018,33
5019,34
5020,35
5021,36
5022,37
5023,3256
5024,3350
5025,3349
5026,38
5027,39
5028,40
5029,41
5030,42
5031,43
5032,44
5033,45
5034,46
5035,47
5036,48
5037,49
5038,50
5039,3403
5040,51
5041,52
5042,53
5043,54
5044,55
5045,56
5046,57
5047,58
5048,59
5049,60
5050,61
5051,62
5052,3406
5053,379
5054,391
5055,63
5056,64
5057,65
5058,66
5059,67
5060,68
5061,69
5062,70
5063,71
5064,72
5065,73
5066,74
5067,75
5068,76
5069,77
5070,78
5071,79
5072,80
5073,81
5074,82
5075,83
5076,84
5077,85
5078,86
5079,87
5080,88
5081,89
5082,90
5083,91
5084,92
5085,93
5086,94
5087,95
5088,96
5089,97
5090,98
5091,99
5092,100
5093,101
5094,102
5095,103
5096,104
5097,105
5098,106
5099,107
5100,108
5101,109
5102,110
5103,3402
5104,3389
5105,3390
5106,3391
5107,3392
5108,3393
5109,3394
5110,3395
5111,3396
5112,3397
5113,3398
5114,3399
5115,3400
5116,3401
5117,3262
5118,376
5119,397
5120,382
5121,111
5122,112
5123,113
5124,114
5125,115
5126,116
5127,117
5128,118
5129,119
5130,120
5131,121
5132,122
5133,389
5134,404
5135,406
5136,3421
5137,380
5138,394
5139,3268
5140,3413
5141,3263
5142,123
5143,124
5144,125
5145,126
5146,127
5147,128
5148,129
5149,130
5150,2572
5151,2573
5152,2574
5153,2575
5154,2576
5155,2577
5156,2578
5157,2579
5158,2580
5159,2581
5160,2582
5161,2583
5162,2584
5163,2585
5164,2586
5165,2587
5166,2588
5167,2589
5168,2590
5169,3266
5170,131
5171,132
5172,133
5173,134
5174,135
5175,136
5176,137
5177,138
5178,139
5179,140
5180,141
5181,142
5182,143
5183,144
5184,145
5185,146
5186,147
5187,148
5188,149
5189,150
5190,151
5191,152
5192,153
5193,154
5194,155
5195,156
5196,157
5197,158
5198,159
5199,160
5200,161
5201,162
5202,163
5203,164
5204,165
5205,166
5206,167
5207,168
5208,169
5209,170
5210,171
5211,172
5212,173
5213,174
5214,175
5215,176
5216,177
5217,178
5218,179
5219,180
5220,181
5221,182
5222,3426
5223,3416
5224,183
5225,184
5226,185
5227,186
5228,187
5229,188
5230,189
5231,190
5232,191
5233,192
5234,193
5235,194
5236,195
5237,196
5238,197
5239,198
5240,199
5241,200
5242,201
5243,202
5244,203
5245,204
5246,515
5247,516
5248,517
5249,518
5250,519
5251,520
5252,521
5253,522
5254,523
5255,524
5256,525
5257,526
5258,527
5259,528
5260,205
5261,206
5262,207
5263,208
5264,209
5265,210
5266,211
5267,212
5268,213
5269,214
5270,215
5271,216
5272,217
5273,218
5274,219
5275,220
5276,221
5277,222
5278,223
5279,224
5280,225
5281,3336
5282,715
5283,716
5284,717
5285,718
5286,719
5287,720
5288,721
5289,722
5290,723
5291,724
5292,725
5293,726
5294,727
5295,728
5296,729
5297,730
5298,731
5299,732
5300,733
5301,734
5302,735
5303,736
5304,737
5305,738
5306,739
5307,740
5308,741
5309,742
5310,743
5311,744
5312,3324
5313,3417
5314,226
5315,227
5316,228
5317,229
5318,230
5319,231
5320,232
5321,233
5322,234
5323,235
5324,236
5325,237
5326,238
5327,239
5328,240
5329,241
5330,242
5331,243
5332,244
5333,245
5334,246
5335,247
5336,248
5337,249
5338,250
5339,251
5340,252
5341,253
5342,254
5343,255
5344,256
5345,257
5346,258
5347,259
5348,260
5349,261
5350,262
5351,263
5352,264
5353,265
5354,266
5355,267
5356,268
5357,269
5358,270
5359,271
5360,272
5361,273
5362,274
5363,275
5364,276
5365,277
5366,278
5367,279
5368,280
5369,281
5370,3375
5371,3376
5372,3377
5373,3378
5374,3379
5375,3380
5376,3381
5377,3382
5378,3383
5379,3384
5380,3385
5381,3386
5382,3387
5383,3388
5384,3255
5385,282
5386,283
5387,284
5388,285
5389,286
5390,287
5391,288
5392,289
5393,290
5394,291
5395,292
5396,293
5397,294
5398,295
5399,296
5400,297
5401,298
5402,299
5403,300
5404,301
5405,302
5406,303
5407,304
5408,305
5409,306
5410,307
5411,308
5412,309
5413,310
5414,311
5415,312
5416,2591
5417,2592
5418,2593
5419,2594
5420,2595
5421,2596
5422,2597
5423,2598
5424,2599
5425,2600
5426,2601
5427,2602
5428,2603
5429,2604
5430,2605
5431,2606
5432,2607
5433,2608
5434,313
5435,314
5436,315
5437,316
5438,317
5439,318
5440,319
5441,320
5442,321
5443,322
5444,399
5445,3259
5446,675
5447,676
5448,677
5449,678
5450,679
5451,680
5452,681
5453,682
5454,683
5455,684
5456,685
5457,686
5458,687
5459,688
5460,689
5461,690
5462,691
5463,692
5464,693
5465,694
5466,695
5467,696
5468,697
5469,698
5470,699
5471,700
5472,701
5473,702
5474,703
5475,704
5476,705
5477,706
5478,707
5479,708
5480,709
5481,710
5482,711
5483,712
5484,713
5485,714
5486,2609
5487,2610
5488,2611
5489,2612
5490,2613
5491,2614
5492,2615
5493,2616
5494,2617
5495,2618
5496,2619
5497,2620
5498,2621
5499,2622
5500,2623
5501,2624
5502,2625
5503,2626
5504,2627
5505,2628
5506,2629
5507,2630
5508,2631
5509,2632
5510,2633
5511,2634
5512,2635
5513,2636
5514,2637
5515,2638
5516,489
5517,490
5518,491
5519,492
5520,493
5521,494
5522,495
5523,496
5524,497
5525,498
5526,499
5527,500
5528,816
5529,817
5530,818
5531,819
5532,820
5533,821
5534,822
5535,823
5536,824
5537,825
5538,745
5539,746
5540,747
5541,748
5542,749
5543,750
5544,751
5545,752
5546,753
5547,754
5548,755
5549,756
5550,757
5551,758
5552,759
5553,760
5554,620
5555,621
5556,622
5557,623
5558,761
5559,762
5560,763
5561,764
5562,765
5563,766
5564,767
5565,768
5566,769
5567,770
5568,771
5569,772
5570,773
5571,774
5572,775
5573,776
5574,777
5575,778
5576,779
5577,780
5578,781
5579,782
5580,783
5581,784
5582,785
5583,543
5584,544
5585,545
5586,546
5587,547
5588,548
5589,549
5590,786
5591,787
5592,788
5593,789
5594,790
5595,791
5596,792
5597,793
5598,794
5599,795
5600,796
5601,797
5602,798
5603,799
5604,800
5605,801
5606,802
5607,803
5608,804
5609,805
5610,806
5611,807
5612,808
5613,809
5614,810
5615,811
5616,812
5617,813
5618,814
5619,815
5620,826
5621,827
5622,828
5623,829
5624,830
5625,831
5626,832
5627,833
5628,834
5629,835
5630,836
5631,837
5632,838
5633,839
5634,840
5635,841
5636,842
5637,843
5638,844
5639,845
5640,846
5641,847
5642,848
5643,849
5644,850
5645,3260
5646,3331
5647,851
5648,852
5649,853
5650,854
5651,855
5652,856
5653,857
5654,858
5655,859
5656,860
5657,861
5658,862
5659,863
5660,864
5661,865
5662,866
5663,867
5664,868
5665,869
5666,870
5667,871
5668,872
5669,873
5670,874
5671,875
5672,876
5673,2639
5674,2640
5675,2641
5676,2642
5677,2643
5678,2644
5679,2645
5680,2646
5681,2647
5682,2648
5683,2649
5684,3225
5685,583
5686,584
5687,585
5688,586
5689,587
5690,588
5691,589
5692,590
5693,591
5694,592
5695,593
5696,594
5697,595
5698,596
5699,388
5700,402
5701,407
5702,396
5703,877
5704,878
5705,879
5706,880
5707,881
5708,882
5709,883
5710,884
5711,885
5712,886
5713,887
5714,888
5715,889
5716,890
5717,3405
5718,891
5719,892
5720,893
5721,894
5722,895
5723,896
5724,897
5725,898
5726,899
5727,900
5728,901
5729,902
5730,903
5731,904
5732,905
5733,906
5734,907
5735,908
5736,909
5737,910
5738,911
5739,912
5740,913
5741,914
5742,915
5743,916
5744,917
5745,918
5746,919
5747,920
5748,921
5749,922
5750,3423
5751,923
5752,924
5753,925
5754,926
5755,927
5756,928
5757,929
5758,930
5759,931
5760,932
5761,933
5762,934
5763,935
5764,936
5765,937
5766,938
5767,939
5768,940
5769,941
5770,942
5771,943
5772,944
5773,945
5774,946
5775,947
5776,948
5777,949
5778,950
5779,951
5780,952
5781,953
5782,954
5783,955
5784,956
5785,957
5786,958
5787,959
5788,960
5789,961
5790,962
5791,963
5792,964
5793,965
5794,966
5795,967
5796,968
5797,969
5798,970
5799,971
5800,972
5801,973
5802,974
5803,975
5804,976
5805,977
5806,978
5807,979
5808,980
5809,981
5810,982
5811,983
5812,984
5813,985
5814,986
5815,987
5816,988
5817,390
5818,3273
5819,1020
5820,1021
5821,1022
5822,1023
5823,1024
5824,1025
5825,1026
5826,1027
5827,1028
5828,1029
5829,1030
5830,1031
5831,1032
5832,989
5833,990
5834,991
5835,992
5836,993
5837,994
5838,995
5839,996
5840,997
5841,998
5842,999
5843,1000
5844,1001
5845,1002
5846,1003
5847,1004
5848,1005
5849,1006
5850,1007
5851,1008
5852,1009
5853,1010
5854,1011
5855,1012
5856,1013
5857,1014
5858,1015
5859,1016
5860,1017
5861,1018
5862,1019
5863,1033
5864,1034
5865,1035
5866,1036
5867,1037
5868,1038
5869,1039
5870,1040
5871,1041
5872,1042
5873,1043
5874,1044
5875,1045
5876,1046
5877,1047
5878,1048
5879,1049
5880,1050
5881,1051
5882,1052
5883,1053
5884,1054
5885,1055
5886,1056
5887,351
5888,352
5889,353
5890,354
5891,355
5892,356
5893,357
5894,358
5895,359
5896,3332
5897,1057
5898,1058
5899,1059
5900,1060
5901,1061
5902,1062
5903,1063
5904,1064
5905,1065
5906,1066
5907,1067
5908,1068
5909,1069
5910,1070
5911,1071
5912,1072
5913,624
5914,625
5915,626
5916,627
5917,628
5918,629
5919,630
5920,631
5921,632
5922,633
5923,634
5924,635
5925,636
5926,637
5927,638
5928,639
5929,640
5930,641
5931,642
5932,643
5933,644
5934,645
5935,1073
5936,1074
5937,1075
5938,1076
5939,1077
5940,1078
5941,1079
5942,1080
5943,1081
5944,1082
5945,1083
5946,1084
5947,1085
5948,1086
5949,377
5950,395
5951,1102
5952,1103
5953,1104
5954,1087
5955,1088
5956,1089
5957,1090
5958,1091
5959,1092
5960,1093
5961,1094
5962,1095
5963,1096
5964,1097
5965,1098
5966,1099
5967,1100
5968,1101
5969,1105
5970,1106
5971,1107
5972,1108
5973,1109
5974,1110
5975,1111
5976,1112
5977,1113
5978,1114
5979,1115
5980,1116
5981,1117
5982,1118
5983,1119
5984,1120
5985,1121
5986,1122
5987,1123
5988,1124
5989,1125
5990,1126
5991,1127
5992,1128
5993,1129
5994,1130
5995,1131
5996,1132
5997,501
5998,502
5999,503
6000,504
6001,505
6002,506
6003,507
6004,508
6005,509
6006,510
6007,511
6008,512
6009,513
6010,514
6011,1133
6012,1134
6013,1135
6014,1136
6015,1137
6016,1138
6017,1139
6018,1140
6019,1141
6020,1142
6021,1143
6022,1144
6023,1145
6024,3265
6025,468
6026,469
6027,470
6028,471
6029,472
6030,473
6031,474
6032,475
6033,476
6034,477
6035,478
6036,479
6037,480
6038,481
6039,482
6040,483
6041,484
6042,485
6043,486
6044,487
6045,488
6046,1146
6047,1147
6048,1148
6049,1149
6050,1150
6051,1151
6052,1152
6053,1153
6054,1154
6055,1155
6056,1156
6057,1157
6058,1158
6059,1159
6060,1160
6061,1161
6062,1162
6063,1163
6064,1164
6065,1165
6066,1166
6067,1167
6068,1168
6069,1169
6070,1170
6071,1171
6072,1172
6073,1173
6074,1174
6075,1175
6076,1176
6077,1177
6078,1178
6079,1179
6080,1180
6081,1181
6082,1182
6083,1183
6084,1184
6085,1185
6086,1186
6087,1187
6088,3322
6089,3354
6090,3351
6091,3422
6092,405
6093,3407
6094,3301
6095,3300
6096,3302
6097,3303
6098,3304
6099,3305
6100,3306
6101,3307
6102,3308
6103,3309
6104,3310
6105,3311
6106,3312
6107,3313
6108,3314
6109,3315
6110,3316
6111,3317
6112,3318
6113,1188
6114,1189
6115,1190
6116,1191
6117,1192
6118,1193
6119,1194
6120,1195
6121,1196
6122,1197
6123,1198
6124,1199
6125,1200
6126,3329
6127,1235
6128,1236
6129,1237
6130,1238
6131,1239
6132,1240
6133,1241
6134,1242
6135,1243
6136,1244
6137,1245
6138,1246
6139,1247
6140,1248
6141,1249
6142,1250
6143,1251
6144,1252
6145,1253
6146,1254
6147,1255
6148,1256
6149,1257
6150,1258
6151,1259
6152,1260
6153,1261
6154,1262
6155,1263
6156,1264
6157,1265
6158,1266
6159,1267
6160,1268
6161,1269
6162,1270
6163,1271
6164,1272
6165,1273
6166,1274
6167,1275
6168,1276
6169,1277
6170,1278
6171,1279
6172,1280
6173,1281
6174,1282
6175,1283
6176,1284
6177,1285
6178,1286
6179,1287
6180,1288
6181,1289
6182,1290
6183,1291
6184,1292
6185,1293
6186,1294
6187,1295
6188,1296
6189,1297
6190,1298
6191,1299
6192,1300
6193,1301
6194,1302
6195,1303
6196,1304
6197,1305
6198,1306
6199,1307
6200,1308
6201,1309
6202,1310
6203,1311
6204,1312
6205,1313
6206,1314
6207,1315
6208,1316
6209,1317
6210,1318
6211,1319
6212,1320
6213,1321
6214,1322
6215,1323
6216,1324
6217,1201
6218,1202
6219,1203
6220,1204
6221,1205
6222,1206
6223,1207
6224,1208
6225,1209
6226,1210
6227,1211
6228,1325
6229,1326
6230,1327
6231,1328
6232,1329
6233,1330
6234,1331
6235,1332
6236,1333
6237,1334
6238,1391
6239,1393
6240,1388
6241,1394
6242,1387
6243,1392
6244,1389
6245,1390
6246,1335
6247,1336
6248,1337
6249,1338
6250,1339
6251,1340
6252,1341
6253,1342
6254,1343
6255,1344
6256,1345
6257,1346
6258,1347
6259,1348
6260,1349
6261,1350
6262,1351
6263,1212
6264,1213
6265,1214
6266,1215
6267,1216
6268,1217
6269,1218
6270,1219
6271,1220
6272,1221
6273,1222
6274,1223
6275,1224
6276,1225
6277,1226
6278,1227
6279,1228
6280,1229
6281,1230
6282,1231
6283,1232
6284,1233
6285,1234
6286,1352
6287,1353
6288,1354
6289,1355
6290,1356
6291,1357
6292,1358
6293,1359
6294,1360
6295,1361
6296,1362
6297,1363
6298,1364
6299,1365
6300,1366
6301,1367
6302,1368
6303,1369
6304,1370
6305,1371
6306,1372
6307,1373
6308,1374
6309,1375
6310,1376
6311,1377
6312,1378
6313,1379
6314,1380
6315,1381
6316,1382
6317,1386
6318,1383
6319,1385
6320,1384
6321,1406
6322,1407
6323,1408
6324,1409
6325,1410
6326,1411
6327,1412
6328,1413
6329,1395
6330,1396
6331,1397
6332,1398
6333,1399
6334,1400
6335,1401
6336,1402
6337,1403
6338,1404
6339,1405
6340,3274
6341,3267
6342,3261
6343,3272
6344,1414
6345,1415
6346,1416
6347,1417
6348,1418
6349,1419
6350,1420
6351,1421
6352,1422
6353,1423
6354,1424
6355,1425
6356,1426
6357,1427
6358,1428
6359,1429
6360,1430
6361,1431
6362,1432
6363,1433
6364,1434
6365,1435
6366,1436
6367,1437
6368,1438
6369,1439
6370,1440
6371,1441
6372,1442
6373,1443
6374,1455
6375,1456
6376,1457
6377,1458
6378,1459
6379,1460
6380,1461
6381,1462
6382,1463
6383,1464
6384,1465
6385,1444
6386,1445
6387,1446
6388,1447
6389,1448
6390,1449
6391,1450
6392,1451
6393,1452
6394,1453
6395,1454
6396,1466
6397,1467
6398,1468
6399,1469
6400,1470
6401,1471
6402,1472
6403,1473
6404,1474
6405,1475
6406,1476
6407,1477
6408,1478
6409,1479
6410,1480
6411,1481
6412,1482
6413,1483
6414,1484
6415,1485
6416,1486
6417,1487
6418,1488
6419,1489
6420,1490
6421,1491
6422,1492
6423,1493
6424,1494
6425,1495
6426,378
6427,392
6428,1532
6429,1533
6430,1534
6431,1535
6432,1536
6433,1537
6434,1538
6435,1539
6436,1540
6437,1541
6438,1542
6439,1543
6440,1544
6441,1545
6442,1496
6443,1497
6444,1498
6445,1499
6446,1500
6447,1501
6448,1502
6449,1503
6450,1504
6451,1505
6452,403
6453,1506
6454,1507
6455,1508
6456,1509
6457,1510
6458,1511
6459,1512
6460,1513
6461,1514
6462,1515
6463,1516
6464,1517
6465,1518
6466,1519
6467,381
6468,1520
6469,1521
6470,1522
6471,1523
6472,1524
6473,1525
6474,1526
6475,1527
6476,1528
6477,1529
6478,1530
6479,1531
6480,1546
6481,1547
6482,1548
6483,1549
6484,1550
6485,1551
6486,1552
6487,1553
6488,1554
6489,1555
6490,1556
6491,1557
6492,1558
6493,1559
6494,1560
6495,1561
6496,3352
6497,3358
6498,400
6499,436
6500,437
6501,438
6502,439
6503,440
6504,441
6505,442
6506,443
6507,444
6508,445
6509,446
6510,447
6511,448
6512,449
6513,450
6514,451
6515,452
6516,453
6517,454
6518,455
6519,1562
6520,1563
6521,1564
6522,1565
6523,1566
6524,1567
6525,1568
6526,1569
6527,1570
6528,1571
6529,1572
6530,1573
6531,1574
6532,1575
6533,1576
6534,337
6535,338
6536,339
6537,340
6538,341
6539,342
6540,343
6541,344
6542,345
6543,346
6544,347
6545,348
6546,349
6547,350
6548,1577
6549,1578
6550,1579
6551,1580
6552,1581
6553,1582
6554,1583
6555,1584
6556,1585
6557,1586
6558,1587
6559,1588
6560,1589
6561,1590
6562,1591
6563,1592
6564,1593
6565,1594
6566,1595
6567,1596
6568,1597
6569,1598
6570,1599
6571,1600
6572,1601
6573,1602
6574,1603
6575,1604
6576,1605
6577,1606
6578,1607
6579,1608
6580,1609
6581,1610
6582,1611
6583,1612
6584,1613
6585,1614
6586,1615
6587,1616
6588,1617
6589,1618
6590,1619
6591,1620
6592,1621
6593,1622
6594,1623
6595,1624
6596,1625
6597,1626
6598,1627
6599,1628
6600,1629
6601,1630
6602,1631
6603,1632
6604,1633
6605,1634
6606,1635
6607,1636
6608,1637
6609,1638
6610,1639
6611,1640
6612,1641
6613,1642
6614,1643
6615,1644
6616,1645
6617,550
6618,551
6619,552
6620,553
6621,554
6622,555
6623,1646
6624,1647
6625,1648
6626,1649
6627,1650
6628,1651
6629,1652
6630,1653
6631,1654
6632,1655
6633,1656
6634,1657
6635,1658
6636,1659
6637,1660
6638,1661
6639,1662
6640,1663
6641,1664
6642,1665
6643,1666
6644,1667
6645,1668
6646,1669
6647,1670
6648,1686
6649,1687
6650,1688
6651,1689
6652,1690
6653,1691
6654,1692
6655,1693
6656,1694
6657,1695
6658,1696
6659,1697
6660,1698
6661,1699
6662,1700
6663,1701
6664,1671
6665,1672
6666,1673
6667,1674
6668,1675
6669,1676
6670,1677
6671,1678
6672,1679
6673,1680
6674,1681
6675,1682
6676,1683
6677,1684
6678,1685
6679,1702
6680,1703
6681,1704
6682,1705
6683,1706
6684,1707
6685,1708
6686,1709
6687,1710
6688,1711
6689,1712
6690,1713
6691,1714
6692,1715
6693,1716
6694,3257
6695,3425
6696,3420
6697,3326
6698,3258
6699,3356
6700,3424
6701,384
6702,1717
6703,1720
6704,1722
6705,1723
6706,1726
6707,1727
6708,1730
6709,1731
6710,1733
6711,1736
6712,1737
6713,1740
6714,1742
6715,1743
6716,1718
6717,1719
6718,1721
6719,1724
6720,1725
6721,1728
6722,1729
6723,1732
6724,1734
6725,1735
6726,1738
6727,1739
6728,1741
6729,1744
6730,374
6731,1745
6732,1746
6733,1747
6734,1748
6735,1749
6736,1750
6737,1751
6738,1752
6739,1753
6740,1754
6741,1755
6742,1762
6743,1763
6744,1756
6745,1764
6746,1757
6747,1758
6748,1765
6749,1766
6750,1759
6751,1760
6752,1767
6753,1761
6754,1768
6755,1769
6756,1770
6757,1771
6758,1772
6759,1773
6760,1774
6761,1775
6762,1776
6763,1777
6764,1778
6765,1779
6766,1780
6767,1781
6768,1782
6769,1783
6770,1784
6771,1785
6772,1786
6773,1787
6774,1788
6775,1789
6776,1790
6777,3270
6778,1791
6779,1792
6780,1793
6781,1794
6782,1795
6783,1796
6784,1797
6785,1798
6786,1799
6787,1800
6788,1893
6789,1894
6790,1895
6791,1896
6792,1897
6793,1898
6794,1899
6795,1900
6796,1901
6797,1801
6798,1802
6799,1803
6800,1804
6801,1805
6802,1806
6803,1807
6804,1808
6805,1809
6806,1810
6807,1811
6808,1812
6809,408
6810,409
6811,410
6812,411
6813,412
6814,413
6815,414
6816,415
6817,416
6818,417
6819,418
6820,1813
6821,1814
6822,1815
6823,1816
6824,1817
6825,1818
6826,1819
6827,1820
6828,1821
6829,1822
6830,1823
6831,1824
6832,1825
6833,1826
6834,1827
6835,1828
6836,1829
6837,1830
6838,1831
6839,1832
6840,1833
6841,1834
6842,1835
6843,1836
6844,1837
6845,1838
6846,1839
6847,1840
6848,1841
6849,1842
6850,1843
6851,1844
6852,1845
6853,1846
6854,1847
6855,1848
6856,1849
6857,1850
6858,1851
6859,1852
6860,1853
6861,1854
6862,1855
6863,1856
6864,1857
6865,1858
6866,1859
6867,1860
6868,1861
6869,1862
6870,1863
6871,1864
6872,1865
6873,1866
6874,1867
6875,1868
6876,1869
6877,1870
6878,1871
6879,1872
6880,1873
6881,1874
6882,1875
6883,1876
6884,1877
6885,1878
6886,1879
6887,1880
6888,1881
6889,1882
6890,1883
6891,1884
6892,1885
6893,1886
6894,1887
6895,1888
6896,1889
6897,1890
6898,1891
6899,1892
6900,597
6901,598
6902,599
6903,600
6904,601
6905,602
6906,603
6907,604
6908,605
6909,606
6910,607
6911,608
6912,609
6913,610
6914,611
6915,612
6916,613
6917,614
6918,615
6919,616
6920,617
6921,618
6922,619
6923,1902
6924,1903
6925,1904
6926,1905
6927,1906
6928,1907
6929,1908
6930,1909
6931,1910
6932,1911
6933,1912
6934,1913
6935,1914
6936,1915
6937,398
6938,1916
6939,1917
6940,1918
6941,1919
6942,1920
6943,1921
6944,1922
6945,1923
6946,1924
6947,1925
6948,1926
6949,1927
6950,1928
6951,1929
6952,1930
6953,1931
6954,1932
6955,1933
6956,1934
6957,1935
6958,1936
6959,1937
6960,1938
6961,1939
6962,1940
6963,1941
6964,375
6965,1957
6966,1958
6967,1959
6968,1960
6969,1961
6970,1962
6971,1963
6972,1964
6973,1965
6974,1966
6975,1967
6976,1968
6977,1969
6978,1970
6979,1971
6980,1972
6981,1973
6982,1974
6983,1975
6984,1976
6985,1977
6986,1978
6987,1979
6988,1980
6989,1981
6990,1982
6991,1983
6992,1984
6993,1985
6994,1942
6995,1943
6996,1944
6997,1945
6998,1946
6999,1947
7000,1948
7001,1949
7002,1950
7003,1951
7004,1952
7005,1953
7006,1954
7007,1955
7008,1956
7009,3327
7010,3330
7011,385
7012,3321
7013,383
7014,3359
7015,1986
7016,1987
7017,1988
7018,1989
7019,1990
7020,1991
7021,1992
7022,1993
7023,1994
7024,1995
7025,1996
7026,1997
7027,1998
7028,1999
7029,2000
7030,2001
7031,2002
7032,2003
7033,2004
7034,2005
7035,2006
7036,2007
7037,2008
7038,2009
7039,2010
7040,2011
7041,2012
7042,2013
7043,2014
7044,387
7045,3319
7046,2015
7047,2016
7048,2017
7049,2018
7050,2019
7051,2020
7052,2021
7053,2022
7054,2023
7055,2024
7056,2025
7057,2026
7058,2027
7059,2028
7060,2029
7061,2030
7062,2031
7063,2032
7064,2033
7065,2034
7066,2035
7067,2036
7068,2037
7069,2038
7070,2039
7071,2040
7072,2041
7073,2042
7074,2043
7075,3415
7076,393
7077,529
7078,530
7079,531
7080,532
7081,533
7082,534
7083,535
7084,536
7085,537
7086,538
7087,539
7088,540
7089,541
7090,542
7091,2044
7092,2045
7093,2046
7094,2047
7095,2048
7096,2049
7097,2050
7098,2051
7099,2052
7100,2053
7101,2054
7102,2055
7103,2056
7104,2057
7105,2058
7106,2059
7107,2060
7108,2061
7109,2062
7110,2063
7111,2064
7112,2065
7113,2066
7114,2067
7115,2068
7116,2069
7117,2070
7118,2071
7119,2072
7120,2073
7121,2074
7122,2075
7123,2076
7124,2077
7125,2078
7126,2079
7127,2080
7128,2081
7129,2082
7130,2083
7131,2084
7132,2085
7133,2086
7134,2087
7135,2088
7136,2089
7137,2090
7138,2091
7139,2092
7140,3328
7141,2093
7142,2094
7143,2095
7144,2096
7145,2097
7146,2098
7147,3276
7148,3277
7149,3278
7150,3279
7151,3280
7152,3281
7153,3282
7154,3283
7155,3284
7156,3285
7157,3286
7158,3287
7159,2099
7160,2100
7161,2101
7162,2102
7163,2103
7164,2104
7165,2105
7166,2106
7167,2107
7168,2108
7169,2109
7170,2110
7171,2111
7172,2112
7173,2113
7174,2114
7175,2115
7176,2116
7177,2117
7178,2118
7179,2119
7180,2120
7181,2121
7182,2122
7183,2123
7184,2124
7185,2125
7186,2126
7187,2127
7188,2128
7189,2129
7190,2130
7191,2131
7192,2132
7193,2133
7194,2134
7195,2135
7196,2136
7197,2137
7198,2138
7199,2139
7200,2140
7201,2141
7202,2142
7203,2143
7204,2144
7205,2145
7206,2146
7207,2147
7208,2148
7209,2149
7210,2150
7211,2151
7212,2152
7213,2153
7214,2154
7215,2155
7216,2156
7217,2157
7218,2158
7219,2159
7220,2160
7221,2161
7222,2162
7223,2163
7224,2164
7225,2165
7226,2166
7227,2167
7228,2168
7229,2169
7230,2170
7231,2171
7232,2172
7233,2173
7234,2174
7235,2175
7236,2176
7237,2177
7238,2178
7239,2179
7240,2180
7241,2181
7242,2182
7243,2183
7244,2184
7245,2185
7246,2186
7247,2187
7248,2188
7249,2189
7250,2190
7251,2191
7252,2192
7253,2193
7254,2194
7255,2195
7256,2196
7257,2197
7258,2198
7259,2199
7260,2200
7261,2201
7262,2202
7263,2203
7264,2204
7265,2205
7266,2206
7267,2207
7268,2208
7269,2209
7270,2210
7271,2211
7272,2212
7273,2213
7274,2214
7275,2215
7276,386
7277,3325
7278,2216
7279,2217
7280,2218
7281,2219
7282,2220
7283,2221
7284,2222
7285,2223
7286,2224
7287,2225
7288,2226
7289,2227
7290,2228
7291,2229
7292,2230
7293,2231
7294,2232
7295,2233
7296,2234
7297,2235
7298,2236
7299,2237
7300,2238
7301,2239
7302,2240
7303,2241
7304,2242
7305,2243
7306,2244
7307,2245
7308,2246
7309,2247
7310,2248
7311,2249
7312,2250
7313,2251
7314,2252
7315,2253
7316,2650
7317,2651
7318,2652
7319,2653
7320,2654
7321,2655
7322,2656
7323,2657
7324,2658
7325,2659
7326,2660
7327,2661
7328,2662
7329,2663
7330,3353
7331,3355
7332,3271
7333,2254
7334,2255
7335,2256
7336,2257
7337,2258
7338,2259
7339,2260
7340,2261
7341,2262
7342,2263
7343,2264
7344,2265
7345,2266
7346,2267
7347,2268
7348,2269
7349,2270
7350,419
7351,420
7352,421
7353,422
7354,423
7355,424
7356,425
7357,426
7358,427
7359,428
7360,429
7361,430
7362,431
7363,432
7364,433
7365,434
7366,435
7367,2271
7368,2272
7369,2273
7370,2274
7371,2275
7372,2276
7373,2277
7374,2278
7375,2279
7376,2280
7377,2281
7378,2318
7379,2319
7380,2320
7381,2321
7382,2322
7383,2323
7384,2324
7385,2325
7386,2326
7387,2327
7388,2328
7389,2329
7390,2330
7391,2331
7392,2332
7393,2333
7394,2285
7395,2286
7396,2287
7397,2288
7398,2289
7399,2290
7400,2291
7401,2292
7402,2293
7403,2294
7404,2295
7405,3254
7406,2296
7407,2297
7408,2298
7409,2299
7410,2300
7411,2301
7412,2302
7413,2303
7414,2304
7415,2305
7416,2306
7417,2307
7418,2308
7419,2309
7420,2310
7421,2311
7422,2312
7423,2313
7424,2314
7425,2315
7426,2316
7427,2317
7428,2282
7429,2283
7430,2284
7431,2334
7432,2335
7433,2336
7434,2337
7435,2338
7436,2339
7437,2340
7438,2341
7439,2342
7440,2343
7441,2344
7442,2345
7443,2346
7444,2347
7445,2348
7446,2349
7447,2350
7448,2351
7449,2352
7450,2353
7451,2354
7452,2355
7453,2356
7454,2357
7455,2358
7456,2359
7457,2360
7458,2361
7459,2362
7460,2363
7461,2364
7462,2365
7463,2366
7464,2367
7465,2368
7466,2369
7467,2370
7468,2371
7469,2372
7470,2373
7471,2374
7472,2375
7473,2376
7474,2377
7475,2378
7476,2379
7477,2380
7478,2381
7479,2382
7480,2383
7481,2384
7482,2385
7483,2386
7484,2387
7485,2388
7486,2389
7487,2390
7488,2391
7489,2392
7490,2393
7491,2394
7492,2395
7493,2396
7494,2397
7495,2398
7496,2399
7497,2400
7498,2401
7499,2402
7500,2403
7501,2404
7502,2405
7503,3275
7504,3404
7505,3323
7506,2664
7507,2665
7508,2666
7509,2667
7510,2668
7511,2669
7512,2670
7513,2671
7514,2672
7515,2673
7516,2674
7517,2675
7518,2676
7519,2677
7520,2678
7521,2679
7522,2680
7523,2681
7524,2682
7525,2683
7526,2684
7527,2685
7528,2686
7529,2687
7530,2688
7531,2689
7532,2690
7533,2691
7534,2692
7535,2693
7536,2694
7537,2695
7538,2696
7539,2697
7540,2698
7541,2699
7542,2700
7543,2701
7544,2702
7545,2703
7546,2704
7547,3414
7548,2406
7549,2407
7550,2408
7551,2409
7552,2410
7553,2411
7554,2412
7555,2413
7556,2414
7557,2415
7558,2416
7559,2417
7560,2418
7561,2419
7562,3334
7563,401
7564,2420
7565,2421
7566,2422
7567,2423
7568,2424
7569,2425
7570,2426
7571,2427
7572,2428
7573,2429
7574,2430
7575,2431
7576,2432
7577,2433
7578,570
7579,573
7580,577
7581,580
7582,581
7583,571
7584,579
7585,582
7586,572
7587,575
7588,578
7589,574
7590,576
7591,3410
7592,3288
7593,3289
7594,3290
7595,3291
7596,3292
7597,3293
7598,3294
7599,3295
7600,3296
7601,3297
7602,3298
7603,3299
7604,3333
7605,2434
7606,2435
7607,2436
7608,2437
7609,2438
7610,2439
7611,2440
7612,2441
7613,2442
7614,2443
7615,2444
7616,2445
7617,2446
7618,2447
7619,2448
7620,3418
7621,2449
7622,2450
7623,2451
7624,2452
7625,2453
7626,2454
7627,2455
7628,2456
7629,2457
7630,2458
7631,2459
7632,2460
7633,2461
7634,2462
7635,2463
7636,2464
7637,2465
7638,2466
7639,2467
7640,2468
7641,2469
7642,2470
7643,2471
7644,2472
7645,2473
7646,2474
7647,2475
7648,2476
7649,2477
7650,2478
7651,2479
7652,2480
7653,2481
7654,2482
7655,2483
7656,2484
7657,2485
7658,2486
7659,2487
7660,2488
7661,2489
7662,2490
7663,2491
7664,2492
7665,2493
7666,2494
7667,2495
7668,2496
7669,2497
7670,2498
7671,2499
7672,2500
7673,2501
7674,2502
7675,2503
7676,2504
7677,2505
7678,3269
7679,2506
7680,2507
7681,2508
7682,2509
7683,2510
7684,2511
7685,2512
7686,2513
7687,2514
7688,2515
7689,2516
7690,2517
7691,2518
7692,2519
7693,2520
7694,2521
7695,2522
7696,456
7697,457
7698,458
7699,459
7700,460
7701,461
7702,462
7703,463
7704,464
7705,465
7706,466
7707,467
7708,2523
7709,2524
7710,2525
7711,2526
7712,2527
7713,2528
7714,2529
7715,2530
7716,2531
7717,3335
7718,2532
7719,2533
7720,2534
7721,2535
7722,2536
7723,2537
7724,2538
7725,2539
7726,2540
7727,2541
7728,2542
7729,2543
7730,2544
7731,2545
7732,2546
7733,2547
7734,2548
7735,2549
7736,2550
7737,2551
7738,2552
7739,2553
7740,2554
7741,2555
7742,2556
7743,2557
7744,2558
7745,2559
7746,2560
7747,2561
7748,2562
7749,2563
7750,2564
7751,2705
7752,2706
7753,2707
7754,2708
7755,2709
7756,2710
7757,2711
7758,2712
7759,2713
7760,2714
7761,2715
7762,2716
7763,2717
7764,2718
7765,2719
7766,2720
7767,2721
7768,2722
7769,2723
7770,2724
7771,2725
7772,2726
7773,2727
7774,2728
7775,2729
7776,2730
7777,3365
7778,3366
7779,3367
7780,3368
7781,3369
7782,3370
7783,3371
7784,3372
7785,3373
7786,3374
7787,2565
7788,2566
7789,2567
7790,2568
7791,2569
7792,2570
7793,2571
7794,2751
7795,2752
7796,2753
7797,2754
7798,2755
7799,2756
7800,2757
7801,2758
7802,2759
7803,2760
7804,2761
7805,2762
7806,2763
7807,2764
7808,2765
7809,2766
7810,2767
7811,2768
7812,2769
7813,2770
7814,2771
7815,2772
7816,2773
7817,2774
7818,2775
7819,2776
7820,2777
7821,2778
7822,2779
7823,2780
7824,2781
7825,2782
7826,2783
7827,2784
7828,2785
7829,2786
7830,2787
7831,2788
7832,2789
7833,2790
7834,2791
7835,2792
7836,2793
7837,2794
7838,2795
7839,2796
7840,2797
7841,2798
7842,2799
7843,2800
7844,2801
7845,2802
7846,2803
7847,2804
7848,2805
7849,2806
7850,2807
7851,2808
7852,2809
7853,2810
7854,2811
7855,2812
7856,2813
7857,2814
7858,2815
7859,2816
7860,2817
7861,2818
7862,646
7863,647
7864,648
7865,649
7866,651
7867,653
7868,655
7869,658
7870,2926
7871,2927
7872,2928
7873,2929
7874,2930
7875,2931
7876,2932
7877,2933
7878,2934
7879,2935
7880,2936
7881,2937
7882,2938
7883,2939
7884,2940
7885,2941
7886,2942
7887,2943
7888,2944
7889,2945
7890,2946
7891,2947
7892,2948
7893,2949
7894,2950
7895,2951
7896,2952
7897,2953
7898,2954
7899,2955
7900,2956
7901,2957
7902,2958
7903,2959
7904,2960
7905,2961
7906,2962
7907,2963
7908,3004
7909,3005
7910,3006
7911,3007
7912,3008
7913,3009
7914,3010
7915,3011
7916,3012
7917,3013
7918,3014
7919,3015
7920,3016
7921,3017
7922,2964
7923,2965
7924,2966
7925,2967
7926,2968
7927,2969
7928,2970
7929,2971
7930,2972
7931,2973
7932,2974
7933,3253
7934,2975
7935,2976
7936,2977
7937,2978
7938,2979
7939,2980
7940,2981
7941,2982
7942,2983
7943,2984
7944,2985
7945,2986
7946,2987
7947,2988
7948,2989
7949,2990
7950,2991
7951,2992
7952,2993
7953,2994
7954,2995
7955,2996
7956,2997
7957,2998
7958,2999
7959,3000
7960,3001
7961,3002
7962,3003
7963,3018
7964,3019
7965,3020
7966,3021
7967,3022
7968,3023
7969,3024
7970,3025
7971,3026
7972,3027
7973,3028
7974,3029
7975,3030
7976,3031
7977,3032
7978,3033
7979,3034
7980,3035
7981,3036
7982,3037
7983,3038
7984,3039
7985,3040
7986,3041
7987,3042
7988,3043
7989,3044
7990,3045
7991,3046
7992,3047
7993,3048
7994,3049
7995,3050
7996,3051
7997,3064
7998,3065
7999,3066
8000,3067
8001,3068
8002,3069
8003,3070
8004,3071
8005,3072
8006,3073
8007,3074
8008,3075
8009,3076
8010,3077
8011,3078
8012,3079
8013,3080
8014,3052
8015,3053
8016,3054
8017,3055
8018,3056
8019,3057
8020,3058
8021,3059
8022,3060
8023,3061
8024,3062
8025,3063
8026,3081
8027,3082
8028,3083
8029,3084
8030,3085
8031,3086
8032,3087
8033,3088
8034,3089
8035,3090
8036,3091
8037,3092
8038,3093
8039,3094
8040,3095
8041,3096
8042,3097
8043,3098
8044,3099
8045,3100
8046,3101
8047,3102
8048,3103
8049,323
8050,324
8051,325
8052,326
8053,327
8054,328
8055,329
8056,330
8057,331
8058,332
8059,333
8060,334
8061,335
8062,336
8063,360
8064,361
8065,362
8066,363
8067,364
8068,365
8069,366
8070,367
8071,368
8072,369
8073,370
8074,371
8075,372
8076,373
8077,556
8078,557
8079,558
8080,559
8081,560
8082,561
8083,562
8084,563
8085,564
8086,565
8087,566
8088,567
8089,568
8090,569
8091,661
8092,662
8093,663
8094,664
8095,665
8096,666
8097,667
8098,668
8099,669
8100,670
8101,671
8102,672
8103,673
8104,674
8105,3104
8106,3105
8107,3106
8108,3107
8109,3108
8110,3109
8111,3110
8112,3111
8113,3112
8114,3113
8115,3114
8116,3115
8117,3116
8118,3117
8119,3118
8120,3119
8121,3120
8122,3121
8123,3122
8124,3123
8125,3124
8126,3125
8127,3126
8128,3127
8129,3128
8130,3129
8131,3130
8132,3131
8133,652
8134,656
8135,657
8136,650
8137,659
8138,654
8139,660
8140,3132
8141,3133
8142,3134
8143,3135
8144,3136
8145,3137
8146,3138
8147,3139
8148,3140
8149,3141
8150,3142
8151,3143
8152,3144
8153,3145
8154,2731
8155,2732
8156,2733
8157,2734
8158,2735
8159,2736
8160,2737
8161,2738
8162,2739
8163,2740
8164,2741
8165,2742
8166,2743
8167,2744
8168,2745
8169,2746
8170,2747
8171,2748
8172,2749
8173,2750
8174,3408
8175,3320
8176,3409
8177,3264
8178,3146
8179,3147
8180,3148
8181,3149
8182,3150
8183,3151
8184,3152
8185,3153
8186,3154
8187,3155
8188,3156
8189,3157
8190,3158
8191,3159
8192,3160
8193,3161
8194,3162
8195,3163
8196,3164
8197,3438
8198,3442
8199,3436
8200,3450
8201,3454
8202,3432
8203,3443
8204,3447
8205,3452
8206,3441
8207,3434
8208,3449
8209,3445
8210,3440
8211,3453
8212,3439
8213,3435
8214,3448
8215,3437
8216,3446
8217,3444
8218,3433
8219,3431
8220,3451
8221,3430
8222,3455
8223,3456
8224,3457
8225,3458
8226,3459
8227,3460
8228,3461
8229,3462
8230,3463
8231,3464
8232,3465
8233,3466
8234,3467
8235,3468
8236,3469
8237,3470
8238,3471
8239,3472
8240,3473
8241,3474
8242,3475
8243,3476
8244,3477
8245,3478
8246,3482
8247,3485
8248,3491
8249,3501
8250,3487
8251,3500
8252,3488
8253,3499
8254,3497
8255,3494
8256,3495
8257,3490
8258,3489
8259,3492
8260,3483
8261,3493
8262,3498
8263,3496
8264,3502
8265,3479
8266,3481
8267,3503
8268,3486
8269,3480
8270,3484
8271,3402
8272,3250
8273,2819
8274,2820
8275,2821
8276,2822
8277,2823
8278,2824
8279,2825
8280,2826
8281,2827
8282,2828
8283,2829
8284,2830
8285,2831
8286,2832
8287,2833
8288,2834
8289,2835
8290,2836
8291,2837
8292,2838
8293,3226
8294,3227
8295,3228
8296,3229
8297,3230
8298,3231
8299,3232
8300,3233
8301,3234
8302,3235
8303,3236
8304,3237
8305,3238
8306,3239
8307,3240
8308,3241
8309,3242
8310,3243
8311,3244
8312,3245
8313,3246
8314,3247
8315,3248
8316,3249
8317,2839
8318,2840
8319,2841
8320,2842
8321,2843
8322,2844
8323,2845
8324,2846
8325,2847
8326,2848
8327,2849
8328,2850
8329,2851
8330,2852
8331,2853
8332,2854
8333,2855
8334,2856
8335,3166
8336,3167
8337,3168
8338,3171
8339,3223
8340,2858
8341,2861
8342,2865
8343,2868
8344,2871
8345,2873
8346,2877
8347,2880
8348,2883
8349,2885
8350,2888
8351,2893
8352,2894
8353,2898
8354,2901
8355,2904
8356,2906
8357,2911
8358,2913
8359,2915
8360,2917
8361,2919
8362,2921
8363,2923
8364,2925
8365,2859
8366,2860
8367,2864
8368,2867
8369,2869
8370,2872
8371,2878
8372,2879
8373,2884
8374,2887
8375,2889
8376,2892
8377,2896
8378,2897
8379,2902
8380,2905
8381,2907
8382,2910
8383,2914
8384,2916
8385,2918
8386,2920
8387,2922
8388,2924
8389,2857
8390,2862
8391,2863
8392,2866
8393,2870
8394,2874
8395,2875
8396,2876
8397,2881
8398,2882
8399,2886
8400,2890
8401,2891
8402,2895
8403,2899
8404,2900
8405,2903
8406,2908
8407,2909
8408,2912
8409,3165
8410,3169
8411,3170
8412,3252
8413,3224
8414,3251
8415,3340
8416,3339
8417,3338
8418,3337
8419,3341
8420,3345
8421,3342
8422,3346
8423,3343
8424,3347
8425,3344
8426,3348
8427,3360
8428,3361
8429,3362
8430,3363
8431,3364
8432,3172
8433,3173
8434,3174
8435,3175
8436,3176
8437,3177
8438,3178
8439,3179
8440,3180
8441,3181
8442,3182
8443,3183
8444,3184
8445,3185
8446,3186
8447,3187
8448,3188
8449,3189
8450,3190
8451,3191
8452,3192
8453,3193
8454,3194
8455,3195
8456,3196
8457,3197
8458,3198
8459,3199
8460,3200
8461,3201
8462,3202
8463,3203
8464,3204
8465,3205
8466,3206
8467,3207
8468,3208
8469,3209
8470,3210
8471,3211
8472,3212
8473,3213
8474,3214
8475,3215
8476,3216
8477,3217
8478,3218
8479,3219
8480,3220
8481,3221
8482,3222
8483,3428
8484,3429
8485,391
8486,516
8487,523
8488,219
8489,220
8490,215
8491,730
8492,738
8493,228
8494,230
8495,236
8496,852
8497,858
8498,864
8499,867
8500,874
8501,877
8502,885
8503,888
8504,1088
8505,1093
8506,1099
8507,1105
8508,501
8509,504
8510,1518
8511,1519
8512,1514
8513,1916
8514,1928
8515,1921
8516,2752
8517,2753
8518,2754
8519,2758
8520,2767
8521,2768
8522,2769
8523,393
8524,3479
8525,3480
8526,3481
8527,3482
8528,3483
8529,3484
8530,3485
8531,3486
8532,3487
8533,3488
8534,3489
8535,3490
8536,3491
8537,3492
8538,3493
8539,3494
8540,3495
8541,3496
8542,3497
8543,3498
8544,3499
8545,3500
8546,3501
8547,3502
8548,3503
8549,3430
8550,3431
8551,3432
8552,3433
8553,3434
8554,3435
8555,3436
8556,3437
8557,3438
8558,3439
8559,3440
8560,3441
8561,3442
8562,3443
8563,3444
8564,3445
8565,3446
8566,3447
8567,3448
8568,3449
8569,3450
8570,3451
8571,3452
8572,3453
8573,3454
8574,3403
8575,3404
8576,3405
8577,3406
8578,3407
8579,3408
8580,3409
8581,3410
8582,3411
8583,3412
8584,3413
8585,3414
8586,3415
8587,3416
8588,3417
8589,3418
8590,3419
8591,3420
8592,3421
8593,3422
8594,3423
8595,3424
8596,3425
8597,3426
8598,3427
8599,3479
8600,3480
8601,3481
8602,3482
8603,3483
8604,3484
8605,3485
8606,3486
8607,3487
8608,3488
8609,3489
8610,3490
8611,3491
8612,3492
8613,3493
8614,3494
8615,3495
8616,3496
8617,3497
8618,3498
8619,3499
8620,3500
8621,3501
8622,3502
8623,3503
8624,3430
8625,3431
8626,3432
8627,3433
8628,3434
8629,3435
8630,3436
8631,3437
8632,3438
8633,3439
8634,3440
8635,3441
8636,3442
8637,3443
8638,3444
8639,3445
8640,3446
8641,3447
8642,3448
8643,3449
8644,3450
8645,3451
8646,3452
8647,3453
8648,3454
8649,3403
8650,3404
8651,3405
8652,3406
8653,3407
8654,3408
8655,3409
8656,3410
8657,3411
8658,3412
8659,3413
8660,3414
8661,3415
8662,3416
8663,3417
8664,3418
8665,3419
8666,3420
8667,3421
8668,3422
8669,3423
8670,3424
8671,3425
8672,3426
8673,3427
8674,3367
8675,52
8676,2194
8677,2195
8678,2198
8679,2206
8680,2512
8681,2516
8682,2550
8683,2003
8684,2004
8685,2005
8686,2007
8687,2010
8688,2013
8689,1
8690,2
8691,3
8692,4
8693,5
8694,152
8695,160
8696,1278
8697,1283
8698,1392
8699,1335
8700,1345
8701,1380
8702,1801
8703,1830
8704,1837
8705,1854
8706,1876
8707,1880
8708,1984
8709,1942
8710,1945
8711,2094
8712,2095
8713,2096
8714,3290
8715,597
